,age,text,income,partner,education,maternity,intention,positivity,certainty
0,30,Ik ben nog niet getrouwd ,,Ja,havo/vwo,False,Weet het niet,False,False
1,33,"Ik zou wel nog open staan voor een tweede kind, maar mijn partner niet. De bevalling was ook traumatisch voor ons beiden, wat ons ook doet twijfelen. ",,Ja,wo,True,Weet het niet,False,False
2,25,Onzekerheden voor het kind zijn toekomst. ,,Ja,mbo,False,Waarschijnlijk wel,True,False
3,25,Ik ben erg gevoelig voor prikkels en drukte om me heen dus het lijkt me niet prettig om een kind op te moeten voeden ,1040.0,Nee,havo/vwo,False,Waarschijnlijk niet,False,False
4,25,"Binnen 3 jaar vind ik misschien nog te vroeg, maar ik sluit niet uit dat het mogelijk wel gebeurt ",2900.0,Ja,wo,False,Waarschijnlijk wel,True,False
5,34,Nee helaas kan ik vanwege mijn gezondheid geen kinderen meer krijgen en ben ik daarom ook geholpen. ,,Ja,mbo,True,Zeker niet,False,True
6,41,Ik wil geen kinderen meer ,1394.0,Nee,mbo,True,Zeker niet,False,True
7,31,Je weet het nooit zeker wat er gebeurt ,3600.0,Ja,wo,True,Waarschijnlijk wel,True,False
8,41,leeftijd ,1600.0,Ja,basisonderwijs,True,Zeker niet,False,True
9,27,Je weet nooit of het lukt .  Wij hebben nog geen plan om nu aan kinderen te beginnen maar zeker binnen 3 j,5200.0,Nee,havo/vwo,False,Waarschijnlijk wel,True,False
10,30,Op dit moment heb ik een zoon van 9 maanden oud. Hiervoor heb ik een pauze in mijn opleiding genomen van ruim een jaar. Ik wil zeker nog meer kinderen maar ik wil eerst mijn opleiding afmaken (ik begin in september) en wat werkervaring opdoen. Daarom wil ik pas over 4-5 jaar mijn volgende. Maar omdat ik wel zeker nog tenminste 1 kind erbij zou willen hebben sta ik open om eerder zwanger worden als de situatie anders wordt. ,0.0,Ja,wo,True,Waarschijnlijk niet,False,False
11,26,"Allereerst heb k wel een partner; maar we zijn niet getrouwd of samenwonend (nog), dus dan is er nog geen stabiele basis voor een kind  Daarnaast ben k ernstig ziek, dus nu niet in staat om een zwangerschap door te maken ",,Nee,wo,False,Weet het niet,False,False
12,41,"Ik heb nog nooit kinderen gewild, en inmiddels zit ik ook al in de overgang, maar ik wil ze nog steeds niet. Kinderen zijn leuk, maar ik vind mijn leven indelen zonder kinderen leuker, en kinderen kun je alleen maar 24/7 hebben. ",3015.0,Ja,hbo,False,Zeker niet,False,True
13,26,Ik zou in de aankomende 3 jaar geen kinderen willen krijg,,Ja,wo,False,Waarschijnlijk niet,False,False
14,30,Ik weet niet of ik onvoorwaardelijk zou kunnen liefhebben. Ik weet niet of ik een kind kan opvoeden. Ik ben bang voor postnatale depressie. Ik ben bang voor de pijn van een bevalling. ,3467.0,Ja,wo,False,Waarschijnlijk wel,True,False
15,23,"Ik weet niet of ik geschikt ben als ouder. Je geeft veel vrijheid op voor je kind, ik weet niet of ik dit wil. Doe graag mijn eigen ding en wil nog carriÃ¨re maken. Voor een vrouw is dit moeilijker als je ook kinderen hebt / wil (vind ik). ",,Ja,basisonderwijs,False,Zeker niet,False,True
16,40,"Wat me er zeker van maakt dat ik geen kinderen wil, is mijn ervaring met kinderen in het algemeen. Verder, ik heb het gevoel dat ik niet genoeg tijd voor mezelf heb gehad en ik heb geen tijd om aan een kind te geven. Ook de levenslange verantwoordelijkheid met alle onzekerheden draagt hieraan bij. ",,Nee,wo,False,Zeker niet,False,True
17,28,"Ik heb graag tijd voor mezelf, ben niet zorgzaam  en wil mezelf op nummer 1 houden. ",3200.0,Ja,hbo,False,Waarschijnlijk niet,False,False
18,30,"Het lijkt me leuk om een gezin te vormen en om kinderen op te voeden. Het lijkt me een nuttige, leuke en goede invulling van mijn leven. Tegelijkertijd wil ik graag nog met mijn vriend op reis en is dat qua timing wat onhandig (ik ben 'al' 30, we weten niet wanneer we kunnen ivm corona), dus weet ik niet wanneer we aan kinderen gaan beginnen. Daarnaast heb ik af en toe nog wel twijfels; ik hecht veel waarde aan mijn vrijheid en rust en daar geef je met kinderen een groot deel van op. ",2700.0,Ja,wo,False,Waarschijnlijk wel,True,False
19,42,"na veel onderzoek bij zowel mijn partner als ikzelf zijn er geen grote afwijkingen gevonden ,maar toch nog steeds geen baby ",1000.0,Ja,vmbo,True,Waarschijnlijk wel,True,False
20,24,"Ik wil sowieso kinderen, hopelijk lukt dit op een natuurlijke manier ",0.0,Ja,wo,False,Waarschijnlijk niet,False,False
21,22,Omdat ik nog steeds an het studeeren ben en mij nog te jong vind om kinderen te kregen ,400.0,Nee,hbo,False,Zeker niet,False,True
22,24,"Ik heb op dit moment geen relatie. Als dit in de toekomst wel gebeurt, dan zou ik wel graag kinderen krijgen. ",1980.0,Ja,havo/vwo,False,Waarschijnlijk wel,True,False
23,26,"Ik wil heel graag kinderen. Dit wil ik al van jongs af aan. Echter heb ik op dit moment geen partner, wat het vanzelfsprekend lastiger maakt om deze wens te verwezenlijken. Als ik nu een stabiele relatie zou hebben zou ik in de komende jaren graag aan kinderen beginnen. Daarnaast heb ik endometriose, wat een zwangerschap moeilijker kan maken naarmate ik ouder wordt.  Ik heb dus geen twijfel over het wel of niet kinderen krijgen, want die wil ik heel graag, maar de manier waarop en dat ik nu geen relatie heb maakt me wel onzeker. Of het uiteindelijk wel lukt. ",1850.0,Nee,hbo,False,Weet het niet,False,False
24,41,Ik ben al te oud. Geen wens om nog een kind te krijgen ,4000.0,Ja,wo,True,Zeker niet,False,True
25,22,Ik heb een hele grote kinderwens. Ik ben ook gelukkig met mijn partner op dit moment en zou graag een kind van ons samen willen. ,0.0,Ja,havo/vwo,False,Waarschijnlijk wel,True,False
26,44,Mijn leeftijd. Ik vind mijzelf te oud om nog een kindje te krijgen. ,,Nee,mbo,False,Zeker niet,False,True
27,34,Ik ben een maand geleden bevallen van een mooie zoon. Helaas moest ik met 26 weken al stoppen met werken en zijn de laatste weken fysiek heel zwaar geweest. De afgelopen maand vond ik fysiek en mentaal heel erg zwaar. Het komende jaar heb ik nodig om weer te herstellen. Ik weet niet of ik het nog een keer kan en wil. ,,Ja,hbo,True,Weet het niet,False,False
28,26,Het feit of je dit alleen moet doen of niet i.a.w. of ik een man vind met wie ik graag kinderen zou kunnen krijgen. ,3050.0,Nee,wo,False,Waarschijnlijk niet,False,False
29,34,Wij zijn blij met twee kinderen en hebben geen wens voor een groter gezin. ,,Ja,hbo,True,Zeker niet,False,True
30,43,Ik heb geen baarmoeder m,,Ja,vmbo,True,Zeker niet,False,True
31,36,"Het kan gebeuren, maar is niet de bedoeling ",1900.0,Ja,hbo,True,Waarschijnlijk niet,False,False
32,21,"Ik ben ten eerste lesbienne, het hebben van biologische kinderen is hierbij een uitdaging. Bovendien zou in mijn huidige relatie het dragen van het kind op mij vallen, omdat mijn partner niet in staat is dit te doen. Ik vind zwangerschappen en wat er bij mis kan gaan, en de effecten op het lichaam ontzettend eng en zou de voorkeur geven aan het niet dragen van een kind.   Afgezien van medische redenen vermoed ik financieel niet in staat te zijn om een kind te ondersteunen in zijn/haar wensen. Mijn beroepsveld is vrij onzeker, en ik wil niet volledig afhankelijk hoeven te zijn voor financiele zaken die een kind betreft.   Ook nog afgezien hiervan is mijn beeld van de wereld en samenleving niet goed genoeg om er een kind of neer te willen zetten. Ik denk dat een eventueel kind geen goede toekomst zou hebben met betrekking tot het milieu, de politiek en de economie. ",0.0,Ja,havo/vwo,False,Zeker niet,False,True
33,35,"leeftijd, of ik niet te oud ben tegen die tijd ",3200.0,Ja,mbo,True,Waarschijnlijk wel,True,False
34,25,Ik zou graag voor die tijd ook getrouwd zijn en mijn partner moet ook kinderen willen ,4500.0,Nee,havo/vwo,False,Waarschijnlijk wel,True,False
35,35,Ik ben van plan om kinderen te krijgen. Als alles goed gaat. Deze tijd met de corona is niks zeker. Ik vind het vooral eng hoe kinderen nu de dumpe worden van de overheid. Ik zie dat er veel gebeurd met kinderen. Ik vraag mij af of kinderen nog veilig zijn in deze maatschappij. Ik merk om mij heen dat ouders angstig zijn nu. Heb ik nog wel zeggenschap over hun kind. Dit maakt mij onzeker. Kinderen krijgen in deze tijd is eng. Kan ik mij kind alles geven als de wereld economie uitelkaar valt. Ik heb geen zekerheid meer. Dit maakt mij onzeker. Ik denk nu wel dubbel na of ik kinderen wil. ,1800.0,Nee,hbo,False,Waarschijnlijk wel,True,False
36,43,het staat niet in de planning ,2331.0,Ja,mbo,True,Waarschijnlijk niet,False,False
37,39,Ik ben 39 en heb 2 gezonde kinderen. Ik ben wegens mijn leeftijd en gezien ik er al 2 heb niet van plan ooit nog zw,850.0,Ja,hbo,True,Zeker niet,False,True
38,33,De omstandigheden zijn er niet naar. Ik wil een kind een goede omstandigheden kunnen bieden om in op te groeien. Mijn woonsituatie en financiÃ«le omstandigheden zijn er niet naar.   Ik weet niet of ik een kind in de huidige maatschappij met bijbehorende problemen wil zetten. Onder andere het huidige onvermogen om een oplossing te zoeken voor bijvoorbeeld klimaatproblemen en juist omgaan met een milieu spelen een belangrijke rol.   Ik ben er nog niet over uit hoe groot mijn kinderwens is. ,,Nee,wo,False,Weet het niet,False,False
39,43,heb 4 kinderen en dat vinden wij gen,,Ja,vmbo,True,Zeker niet,False,True
40,41,Ik heb 2 gezonde kinderen op de wereld gebracht . En ben inmiddels oma. Mijn eigen kinderen zijn 19 en 17 en ben gewoon niet van plan om er nog 1 bij te krijgen. Deze zijn inmiddels groot en studeren of hebben zelf al een kindje (dochter19j) . Nu staan ze zo goed als op eigen benen en vind mezelf gewoon te oud worden en heb een pracht van kleinkind waar ik elke dag van geniet ,1000.0,Nee,mbo,True,Zeker niet,False,True
41,30,Het moet lukken en kind moet gezond zijn ,0.0,Nee,wo,True,Zeker wel,True,True
42,38,Wij zijn al een tijd bezig om tweede kind krijgen. Vorig jaar miskraam gehad. Misschien dit jaar... Ik ben 38 dus niet zo veel tijd meer. ,,Ja,wo,True,Waarschijnlijk wel,True,False
43,41,ik ben 42 en een dochter van 15. Ik heb baarmoederhalskanker gehad en daarom maar 1 kind helaas ,,Ja,hbo,True,Zeker niet,False,True
44,31,Ik ben gek op mijn 2 kinderen (zoons) en kan er erg van genieten. Dit geluk zou ik graag verder willen uitbreiden. Mijn wens is dan ook nog een kindje en heel misschien nog wel een 4e. Wat mij betreft is ons gezin nog niet compleet en is er nog een kindje welkom.  Mijn man vindt op dit moment 2 kinderen genoeg en wat hem betreft is ons gezin compleet op dit moment.  Wij zijn op dit moment heel gelukkig met ons gezin en de tijd zal het leren of er toch nog een kindje zal volgen. ,2400.0,Ja,hbo,True,Waarschijnlijk wel,True,False
45,41,Mijn leeftijd. Maar mijn vriend heeft geen kinderen. Dat speelt een factor ,4225.0,Nee,mbo,True,Weet het niet,False,False
46,35,Ik kan er niet meer betalen mijn vermogen is te klein om er goed voor te zorgen. ,1200.0,Nee,mbo,True,Zeker niet,False,True
47,27,ik weet niet of ik wel een kinderwens heb ,2800.0,Nee,hbo,False,Waarschijnlijk niet,False,False
48,32,Het is leuk om een kind te hebben. Een beetje leven in de brouwerij. Daarnaast lijkt een broertje of zusje mij wel leuk voor onze dochter. We wachten hier nog even mee omdat het allemaal best wel druk is en je vanalles moet regelen qua oppas en werken.  Qua kosten valt het allemaal wel mee. Het enige wat duur is zijn de luiers en nieuw speelgoed. ,,Ja,mbo,True,Waarschijnlijk wel,True,False
49,41,"Omdat mijn partner en ik samen al 8 kinderen hebben en de oudste al 21 is. De keuze samen geen kind te nemen is erg moeilijk, omdat samen een kind krijgen iets is wat mijn partner en ik graag samen hadden gedeeld ",2600.0,Ja,hbo,True,Waarschijnlijk niet,False,False
50,25,Nog niet aan toe. Heb momenteel ook geen partner. ,,Ja,wo,False,Waarschijnlijk niet,False,False
51,23,"Ik weet niet zeker of ik een geschikte moeder zou zijn. Ik ben nu nog teveel op mezelf gefocust, dus het zal nu niet iets zijn waar ik aan denk. Misschien als ik meer volwassen ben in mijn doen en laten. Ook is het misschien niet mogelijk voor mij een kind te krijgen. ook heb ik op dit moment geen partner, en weet natuurlijk niet of ik die nog krijg ",,Nee,hbo,False,Weet het niet,False,False
52,35,ik heb geen behoefte aan het krijgen van kinderen. Deze keuze heb ik een aantal jaar geleden gemaakt en voelde als een grote opluchting. Dat gevoel wordt alleen maar sterker. ,4300.0,Ja,wo,False,Zeker niet,False,True
53,42,wij zijn blij met onze 2 kinderen en willen niet meer kinderen ,1900.0,Ja,hbo,True,Zeker niet,False,True
54,36,Mijn vriend woont en werkt in het buitenland. We zullen eerst moeten samenwonen ergens en een goede carriÃ¨re hebben opgebouwd. Ook zal ik medisch goed moeten voorbereiden om zwanger te raken ivm mijn lichte vorm van [erfelijke ziekte]. ,2800.0,Nee,wo,False,Waarschijnlijk wel,True,False
55,34,"Ik heb nog niet zo lang een relatie, dus het moet wel goed gaan en lukken ",4500.0,Nee,wo,False,Waarschijnlijk wel,True,False
56,39,"We hebben een kind met medische zorg dat voor 3 telt en een gezond kind. Hoe graag we ooit 3 kinderen wilde, fysiek en mentaal trekken we het niet om nog een kindje erbij te krijgen. ",1800.0,Ja,wo,True,Zeker niet,False,True
57,41,Geen partner ,2093.0,Nee,mbo,False,Waarschijnlijk niet,False,False
58,37,"Ik wil alleen kinderen met een partner, op dit moment heb ik geen partner. Voordat je dan aan een kind begint, moet je relatie wel stabiel zijn. Ik verwacht daarom niet gepland binnen drie jaar een kind te krijgen ",,Nee,hbo,False,Waarschijnlijk niet,False,False
59,29,"Ik ben ziek geweest en weet niet of ik nog vruchtbaar ben. De kinderwens is er wel, maar ik moet nog medicijnen slikken en pas als ik daarmee klaar ben kunnen we kijken of het lukt. ",2000.0,Ja,mbo,False,Zeker wel,True,True
60,34,Nu hebben we 2 gezonde kinderen. Dit jaar word ik 35 jaar en wil ook niet ouder dan 36 jaar zijn om nog zwanger te raken ivm eventuele risico's. Daarnaast willen we onze kinderen ook veel kunnen bieden erbij en een derde  kindje is toch ook weer een kostenpost. ,3700.0,Ja,hbo,True,Waarschijnlijk wel,True,False
61,22,"Ik ben nog niet in staat om een kind goed op te voeden momenteel, zonder te stoppen met mijn opleiding en/of het grootste deel van mijn vrijheid en sociale kring te verliezen ",0.0,Ja,havo/vwo,False,Zeker niet,False,True
62,35,We hebben 3 gezonde kinderen en dat is al een geschenk en rijkdom! ,1900.0,Ja,hbo,True,Waarschijnlijk niet,False,False
63,40,Ik heb al 2 kinderen wat ik genoeg vind. Verder vindik mezelf nu ook te oud om nog meer kinderen te krijgen ,4000.0,Ja,wo,True,Zeker niet,False,True
64,39,Ik heb 3 gezonde kinderen en dat is voldoende. Ons gezin is compleet. Ik was wel bang dat het bij de 1e niet zou lukken. Dit omdat we in de omgeving veel mensen kenden waarbij het vanzelfsprekend was. ,3722.0,Ja,wo,True,Zeker niet,False,True
65,29,"Ik ben nu 29, en totaal nog niet toe aan die keuze maken. Als ik nu zou moeten kiezen nu kinderen of nooit dan zou ik nooit kinderen willen. Tegelijk is het toch een angst dat je niet makkelijk kinderen kan krijgen en de risico's met het ouder worden als vrouw zijnde. ook merk ik in mijn relatie dat mijn vriend er wat makkelijker over denkt dan ik. Wat waarschijnlijk komt omdat je als vrouw zijnde al vanaf je 20ste bewust bent dat je vruchtbaarheid niet o",2404.0,Nee,hbo,False,Weet het niet,False,False
66,27,Ik wil graag kinderen en ik ga er vanuit dat dit ook gaat gebeuren. Momenteel nog geen partner en ik ben er verder nog niet echt mee bezig. ,2913.0,Nee,wo,False,Waarschijnlijk niet,False,False
67,30,"We zijn er klaar voor, mits het ons gegund is. ",2900.0,Ja,wo,False,Zeker wel,True,True
68,29,"het hangt af van mij persoonlijke situatie op dat moment, en ook de economische en sociale situatie van het land waarin ik woon ",0.0,Nee,havo/vwo,False,Waarschijnlijk niet,False,False
69,40,Onze kinderen zijn nu op een leeftijd dat we onze vrijheid weer terug krijgen. We kunnen spontaan dingen ondernemen zonder rekening te hoeven houden met oppas of slaapjes. De kinderen zijn zelfstandiger. Bovendien moet ik er niet aan denken om op deze leeftijd nog een kind te krijgen ,2000.0,Ja,hbo,True,Zeker niet,False,True
70,38,Leeftijd ,,Ja,mbo,True,Zeker niet,False,True
71,26,Ik heb nog geen partner op dit moment en ik ben nu 26 jaar en zou graag beginnen met kinderen rond een jaar of 30. Dus ik verwacht nu nog geen kinderen in de komende drie jaar maar daarna wel graag. ,2395.0,Nee,wo,False,Weet het niet,False,False
72,34,Ik sta er niet achter om kinderen te krijgen als lesbisch koppel. Dit omdat ik van mening ben dat een kind een vader figuur nodig heeft en dat een kind biologisch verwerkt mag worden. Ik sta niet achter de andere mogelijkheden. ,1400.0,Ja,mbo,False,Zeker niet,False,True
73,38,Geen vent ,,Nee,mbo,False,Weet het niet,False,False
74,32,"Ik heb echt een pesthekel aan kinderen. Ik vind ze in het beste geval gewoon saai; ik zou me niet kunnen voorstellen hoe ik een hele dag met een kind moet doorbrengen. Als m'n neefje me iets wil laten zien of probeert me te betrekken bij zijn spel, druk ik m'n snor en schuif ik m'n zus (de andere tante) door zodat zij ermee kan dealen. Kinderen van vrienden en familie tolereer ik, ik kan er geen ander woord voor verzinnen, ik kan echt moeilijk genieten van de aanwezidheid van kinderen. Ik snap dat het nergens op slaat en dat er vast heel veel leuke kanten zijn, maar ik heb er gewoon echt helemaal niks mee, ik vind het gewoon echt op geen enkele manier boeiend.   Even los daarvan past het ook echt niet bij m'n leefstijl en heb ik geen (behoefte aan) een vaste partner om een kind mee te maken. Maar voorop wil ik het gewoon echt niet. Het voordeel hiervanis trouwens wel dat ik me om een heleboel ONGELOFELIJKE dilemma's en zorgen dus nooit de kop zal hoeven breken. Hoe oud is oud genoeg voor een smartphone, hoe oud is oud genoeg voor een biertje, straks komen ze onder een auto.  Oh ja, daarover gesproken: kinderen gaan dood. Niet allemaal, maar sommige wel, en dan is je leven dus gewoon klaar. Als ik wel kinderen zou willen zou ik hier permanent van wakker liggen. ",2950.0,Nee,wo,False,Zeker niet,False,True
75,43,Gezien mijn situatie en leeftijd ben ik zeker van geen plannen te hebben voor een tweede kind ,2900.0,Nee,mbo,True,Zeker niet,False,True
76,36,Vanwege mijn.psychische onbalans: borderline persoonlijkheidsstoornis vind ik het niet verstandig meer kinderen te krijgen. Als ik dit niet zou hebben dan zou ik wel graag meer kinderen hebben gewild. Ik heb mezelf laten steriliseren om te voorkomen dat ik nog zwanger kan raken. ,0.0,Ja,mbo,True,Zeker niet,False,True
77,25,"Momenteel ben ik 25 en nog aan het studeren. Ik wil graag carriÃ¨re maken en geld verdienen. Misschien nog reizen en dat wil ik niet combineren met kinderen. Dan hoop ik eind 20 met mijn vriend te trouwen en daarna maar een keer kinderen. Dan kunnen we intussentijd geld sparen, want nu kunnen we het ons ook niet bekostigen en we wonen in een studentenhuis dus het kan niet ",0.0,Nee,havo/vwo,False,Zeker niet,False,True
78,41,Geen behoefte aan. ,3300.0,Ja,hbo,True,Zeker niet,False,True
79,39,"Wij verwachten op dit moment niet dat er nog gezinsuitbreiding komt. Maar helemaal uitgesloten is het ook niet. Over drie jaar zou ik 42 zijn en mijn man 50, dus ik verwacht eigenlijk niet dat we nog biologische kinderen krijgen. We staan wel open voor eventue",1200.0,Ja,hbo,True,Waarschijnlijk niet,False,False
80,34,We willen heel graag een kind. en dat zou de komende tijd nog kunnen ,,Nee,mbo,False,Zeker wel,True,True
81,23,Ik ben een internationale student en ik wil graag verder gaan met studeren. Ook voel ik me nog niet helemaal voorbereid om kinderen te krijgen. ,800.0,Nee,basisonderwijs,False,Weet het niet,False,False
82,27,Ik heb geen relatie. ,3244.0,Nee,hbo,False,Weet het niet,False,False
83,42,Ik ben single en inmiddels bijna 42 jaar dus de kinderwens is inmiddels wel vervlogen ,2500.0,Nee,vmbo,False,Zeker niet,False,True
84,34,Na drie jongens is het prima voor ons. Ons gezin is compleet ,2800.0,Ja,wo,True,Zeker niet,False,True
85,23,"Hoe samen met opleiding en carriÃ¨re maken (dokter). Kosten (mega lening van studie nu, straks een keer een huis etc).  Wat er allemaal mis kan gaan tijdens zwangerschap met jezelf en 't kind ",,Nee,wo,False,Waarschijnlijk niet,False,False
86,28,Op dit moment is het niet zo'n fijne tijd om kinderen te krijgen ,1700.0,Ja,hbo,False,Waarschijnlijk wel,True,False
87,24,"Ik heb PCOS, wat kort gezegd inhoud dat ik geen gezonde eisprong heb en hierdoor ook minder vaak ongesteld heb. Ik heb bloedblaasjes in mijn baarmoeder, welgenoemd cystes. Om deze reden ben ik onzeker of het krijgen van kinderen â€˜makkelijkâ€™ gaat voorlopen. Ik houd er rekening mee dat ik er medische hulp bij nodig ben. Ik ben nu 24 en nog te jong voor kinderen. Maar ik zou wel optijd met mijn kinderwens willen beginnen, vanwege bovenstaande. Dit heb ik ook besproken met mijn vriend. Ik hoop dus kinderen te mogen krijgen in de toekomst :) ",2800.0,Nee,hbo,False,Waarschijnlijk wel,True,False
88,23,Ik vind mezelf nog te jong en wil graag carriÃ¨re maken ,1680.0,Nee,wo,False,Waarschijnlijk niet,False,False
89,31,Ik heb er 2 en mijn man is geholpen ,1700.0,Ja,hbo,True,Zeker niet,False,True
90,21,ik ben de komende drie jaar nog niet financieel stabiel genoeg voor een kind en ik wil eerst mijn master afmaken en wellicht nog verder studeren voordat ik aan een kind begin. ,0.0,Ja,basisonderwijs,False,Zeker niet,False,True
91,33,Ik heb nu 2 gezonde kinderen. De jongste had een koemelk allergie waardoor het eerste jaar heel erg zwaar was. Nu hebben we het goed. Een derde erbij lijkt me heel leuk als het ons gegeven is. Maar zo is het ook goed als dat niet zo is. Voorlopig nog even niet in elk geval ,,Ja,hbo,True,Weet het niet,False,False
92,28,"Mijn gezondheid. De kans op complicaties bij mijzelf is vrij groot. Daarnaast slik ik medicijnen die niet kunnen in combinatie met een zwangerschap. De angst dat mijn partner alleen of met baby achterblijft is bij ons beide heel erg groot. Dit op het spel zetten, weegt niet op tegen hel gelukkig we samen zijn ",,Ja,mbo,False,Waarschijnlijk niet,False,False
93,34,ip willen we maar 2 kinderen. maar soms twijfelen we of we misschien toch nog een derde kindje willen. ,2400.0,Ja,hbo,True,Waarschijnlijk niet,False,False
94,35,"De vraag: Bent u van plan een kind te krijgen in de komende drie jaar? We bedoelen hier uitsluitend biologische kinderen. is pijnlijk, omdat wij al 6 jaar bezig zijn en wij elk jaar wel denken: dit jaar is ons jaar. Dus een kind krijgen, dat zeg je niet. Je mag in je handen knijpen als het je gegund is. ",1920.0,Ja,mbo,False,Weet het niet,False,False
95,33,"momenteel is het gezin compleet met 2 kinderen meer kinderen is niet onze wens; zou te druk zijn, teveel van ons vragen, wil niet nogmaals narigheid van bevalling etc. jonge kinderen verzorgen vergt veel tijd en energ",5500.0,Ja,wo,True,Zeker niet,False,True
96,38,Ik vind dat ik genoeg kinderen heb het gaat om de kwaliteit niet kwantiteit ,,Ja,mbo,True,Waarschijnlijk niet,False,False
97,22,"Ik ben nog jong. Waarschijnlijk ben ik dan nog niet klaar met mijn master. Als je een kind wil, moet je eerst een goede baan hebben en het geld hebben om het kind goed te kunnen verzorgen. ",250.0,Nee,havo/vwo,False,Waarschijnlijk niet,False,False
98,40,ik wil geen kinderen meer krijgen. ik heb al 3miskramen gehad na de jongste. ik heb hier 3 keer met spoed op de o.k. gelegen. dit heb ik er niet meer voor over ,,Ja,mbo,True,Zeker niet,False,True
99,40,Bewuste keuze ,,Ja,hbo,False,Zeker niet,False,True
100,42,"Op dit moment vind ik mijzelf en mijn man gewoon te oud om nog kinderen te krijgen. Ik vind het belangrijk dat ik voldoende energie en aandacht kan geven aan al mijn kinderen en dat wordt als je ouder wordt gewoon minder. Ik wilde altijd meer kinderen dan drie, maar ik heb gemerkt dat de kinderen die ik heb gekregen zo veel aandacht en zorg vragen dat ik blij ben dat ik er maar drie heb gekregen. ",,Ja,hbo,True,Zeker niet,False,True
101,27,"Gaat het lukken? Zal het kindje gezond zijn? Kunnen we het aan? Zowel qua financiÃ«n als qua steun uit onze omgeving? Zullen we leuke ouders zijn? Is het leven met kinderen minder leuk of juist leuker? Mijn man en ik zijn niet zo traditioneel (qua genderrollen): ga ik dan heel erg last krijgen van de moedermaffia? Ga ik veranderen door de hormonen (qua lichaam, maar ook qua geest)? Hoe zal het te combineren zijn met werk? Ga ik vrienden verliezen hierdoor? Hoe verandert het de relatie met onze eigen families? In beide gevallen zijn die op zijn minst â€˜interessantâ€™. Zal ons kindje wit of donker zijn (wij hebben een andere huidskleur) en moeten we daar dan rekening mee houden omdat de wereld daar wat van vindt? ",2750.0,Ja,wo,False,Waarschijnlijk wel,True,False
102,24,Ik ben pas 24 en ben nog bezig met een studie. Ik wil eerst mijn studie halen en een vaste baan hebben voordat ik begin aan kinderen ,,Ja,mbo,False,Weet het niet,False,False
103,22,"Lijkt mij een mooie toevoeging aan het leven. Mooi als je iemand de mooie dingen van het leven kan geven. Tuurlijk is het ook een grote verantwoordelijkheid, dat kan mij soms wel onzeker maken. ",2150.0,Ja,havo/vwo,False,Waarschijnlijk niet,False,False
104,28,"Ik wil graag kinderen, maar in ieder geval nog niet in de komende 2 jaar. Als ik de situatie nu inschat dan zou ik wel over 3-5 jaar een eerste kind willen krijgen. ",,Ja,wo,False,Waarschijnlijk wel,True,False
105,43,Ons gezin is compleet. Mijn vriend en ik zijn gelukkig met 2 kinderen ,4800.0,Ja,wo,True,Zeker niet,False,True
106,34,Als ik zou trouwen wil ik nog zeker 2 kinderen erbij ,,Ja,mbo,True,Waarschijnlijk niet,False,False
107,34,Lastig als je partner al niet eens wilt samenwonen. Kinderen is dan helemaal nog een stap te ver ,2500.0,Nee,mbo,False,Weet het niet,False,False
108,35,De bevalling van mijn jongste dochter heb ik op het nippertje overleefd en aan de beademing op de IC gelegen wegens massaal bloedverlies. Ik zal dus nooit meer een risico nemen hierin en ben gelukkig met mijn gezin zoals dat nu is. ,1700.0,Ja,mbo,True,Zeker niet,False,True
109,25,"Op jonge leeftijd heb ik besloten al graag kinderen te willen. Ik heb op dit moment een stabiele relatie, met wie ik het voor me zie om kinderen te krijgen. Onzekerheid zit het in het fysieke (is het qua gezondheid mogelijk om kinderen te krijgen). Zekerheid zit het in mijn wens om kinderen te krijgen, mijn vriend deelt deze wens. ",2950.0,Nee,hbo,False,Waarschijnlijk niet,False,False
110,21,Ik ben nog te jong om hier een zeker uitspraak over te maken ,0.0,Ja,havo/vwo,False,Waarschijnlijk niet,False,False
111,26,Ik ben momenteel net 26 geworden. Ik vind mijzelf momenteel nog te jong voor kinderen en verwacht ook niet voor mijn 29e aan kinderen te beginnen. ,2900.0,Ja,wo,False,Waarschijnlijk niet,False,False
112,35,Geen relatie ,,Nee,havo/vwo,True,Weet het niet,False,False
113,38,Ik heb mijn dochter helaas niet kunnen krijgen op de natuurlijke manier. Dat hele ziekenhuis traject daar wil ik niet nog een keer in. Naomi is na 3 jaar gekomen en daar zijn wij heel dankbaar voor en het is goed zo. ,,Ja,mbo,True,Waarschijnlijk niet,False,False
114,26,Eerst wil ik financieel stabiel zijn en een huis hebben gekocht met mijn vriend voordat we kinderen mogen krijgen. Dit is op dit moment nog niet aan de orde. ,2700.0,Ja,wo,False,Waarschijnlijk wel,True,False
115,39,Ik heb een dochter van 16 en wil echt geen kinderen meer ,,Ja,vmbo,True,Zeker niet,False,True
116,23,"Ik ben momenteel 23 en studeer nog. Als ik zonder vertraging mijn studie voltooi, dan ben ik 27. ik weet nog niet zeker of ik daarna nog een master wil doen of niet en het lijkt mij niet verstandig kinderen tijdens mijn studie te krijgen. ",,Ja,havo/vwo,False,Waarschijnlijk wel,True,False
117,43,"Ik ben 43 jaar. De jongste is 11. Raymond is mijn man. Ben vergeten in te vullen dat hij ook kinderen heeft. Wij hebben 3 kinderen, waarvan er eentje is overleden. Wij zijn klaar! ",,Ja,hbo,True,Zeker niet,False,True
118,42,"Wij hebben samen twee kinderen, dat is voor ons geno",,Ja,wo,True,Zeker niet,False,True
119,36,We hebben twee kinderen en dat vinden we genoeg ,,Ja,havo/vwo,True,Zeker niet,False,True
120,35,Geen partner momenteel ,5000.0,Nee,hbo,False,Zeker wel,True,True
121,31,Wij willen heel graag een groot gezin eerst wilde ik meer kinderen maar dat is bijna niet meer te betalen vooral de opvang is mega duur. ,1150.0,Nee,mbo,True,Zeker wel,True,True
122,26,Ik wil nu geen kinderen. Ik heb geen partner en ben net begonnen met werken. Daarnaast moet ik ook nog een studieschuld afbetalen en kinderen kosten veel geld. Ook kan ik nu geen kinderen opvoeden omdat ik er niks van weet. ,,Nee,wo,False,Zeker niet,False,True
123,39,Mijn gezin is compleet ,0.0,Ja,hbo,True,Zeker niet,False,True
124,34,Ik ben nu nog bezig met school en carriÃ¨re maken. Hierdoor heb ik nu geen tijd voor kinderen. Zodra mijn school klaar is (over 3 jaar) heb ik nog alle tijd om kinderen te krijgen. Echter moet dit via een IVF trjacet omdat wij niet op een normale manier zwanger kunnen worden ,1854.0,Ja,hbo,False,Zeker niet,False,True
125,38,"Ik ben zeker omdat mijn man en ik zijn van plan om over drie weken weer gaan proberen om zwanger te worden. Ik heb twee kinderen. De oudste wordt binnenkort 3. Toen hij 4 maanden oud was of zo, wisten we zeker dat wij nog een kind wilden. Mijn jongste is nu 8 maanden oud. Toen hij 7 weken oud was, wisten we zeker dat wij nog een kind wilden.  Ik ben 38 en wordt binnen een half jaar 39. Ik heb mijn verloskundige gevraagd hoe lang we moeten wachten (want WHO zegt 18 maanden) en zij heeft aangegeven 9 maanden. Wij waren blij dat wij geen 18 maanden moeten wachten want anders zou ik te oud voor, vinden we. Ik raakte zwanger met mijn eerste bij de eerste poging, en met mijn tweede by de derde poging, dus wij zijn optimistisch dat ik snel zwanger zal raken dit keer ook. ",0.0,Ja,wo,True,Zeker wel,True,True
126,27,Afhankelijk van carriÃ¨re ontwikkelingen ,4140.0,Ja,hbo,False,Waarschijnlijk wel,True,False
127,40,ik ben er zeker van omdat ik 40 ben en dat vind ik te oud om nog kinderen te krijgen. Tevens heeft mijn man een vasectomie ondergaan dus het kan niet meer. ,2208.0,Ja,mbo,True,Zeker niet,False,True
128,24,"Ik zou heel graag kinderen willen, maar ik ben op dit moment nog op een leeftijd dat ik ook nog graag de tijd samen met mijn vriend wil hebben om mooie reizen te maken en de tijd voor ons tweeÃ«n heb. Daarnaast ben ik net begonnen met werken en wil ik voorlopig nog fulltime werken. Zodra ik kinderen heb zou ik liever maximaal 32 uur willen werken. Bovendien ben ik nog pas 24 en dat vind ik nog vrij jong. Het lijkt me ook best een opoffering in je eigen leven om kinderen te krijgen, want je hebt ineens (zeker als ze jong zijn) veel minder vrijheid. ",2800.0,Nee,wo,False,Weet het niet,False,False
129,32,Of dit Ã¼berhaupt mag lukken. ,,Ja,wo,True,Waarschijnlijk wel,True,False
130,40,Ik ben er volledig klaar mee. een nieuwe baby belemmert ons weer in heel veel dingen.  Ik ben ook ziek geweest waardoor hormonen van invloed kunnen zijn op hernieuwd ziektebeeld ,,Ja,hbo,True,Zeker niet,False,True
131,23,Ik zou dan 26 zijn wat ik erg jong vind. Maar nog belangrijker. Ik ben dan net afgestudeerd. Dus kinderen krijgen heeft dan n groot effect op mijn carriÃ¨re. Ik denk dat t lastig is om n baan te vinden als je zwanger bent. En zo vroeg n pauze nemen in t werkleven is ook n finesse voor je kennis. Plus tis financieel n vrij onzekere tijd om kinderen te krijgen ,,Ja,havo/vwo,False,Waarschijnlijk niet,False,False
132,21,"Gezien mijn leeftijd (21) zie ik het voor me om in de komende drie jaar kinderen te krijgen. Ik vind mijzelf dan nog te jong. Voordat ik begin aan kinderen wil ik nog reizen en een opleiding afronden. Daarnaast zou ik stabiliteit willen, een (ruime) woning en een vaste baan. ",,Ja,mbo,False,Zeker niet,False,True
133,38,Drie gezonde kinderen met ivf behandelingen ,,Ja,wo,True,Zeker niet,False,True
134,23,Ik ben nog een beetje jong ,,Ja,vmbo,False,Weet het niet,False,False
135,34,Leeftijd ,,Ja,mbo,False,Zeker wel,True,True
136,26,"Het is een hele verantwoordelijkheid, maar het lijkt ons wel mooi om kinderen te krijgen. Blijft lastig om zelf aan te besluiten dat je er klaar voor bent. ",2200.0,Ja,hbo,False,Waarschijnlijk wel,True,False
137,33,Ik wil heel graag kinderen krijgen. Ik zie mijzelf echt als moeder. Het is natuurlijk echter de vraag of het ook lukt om kinderen te krijgen. ,,Ja,havo/vwo,False,Zeker wel,True,True
138,25,"Ik ben nog student en dus geen baan, geen salaris en geen opties om een kind op te voeden. Over 2,5 jaar ben ik afgestudeerd als arts (als alles volgens plan verloopt) en eenmaal in opleiding voor een bepaalde specialisatie doet zich de mogelijkheid voor om over kinderen na te denken. Daarvoor is het qua geld en tijd niet mogelijk. ",0.0,Ja,wo,False,Waarschijnlijk niet,False,False
139,28,"De wens bestaat zeker, maar de kans bestaat ook dat het niet lukt. Of dat ik er vanwege mijn carriÃ¨re straks geen wens meer tot heb. ",,Nee,wo,False,Waarschijnlijk niet,False,False
140,43,Ik ben ouder dan 40 jaar ,,Ja,wo,True,Waarschijnlijk niet,False,False
141,24,ik wil graag eerst een groter huis voordat er kinderen kunnen komen ,,Nee,mbo,False,Waarschijnlijk wel,True,False
142,42,Geen kinderwens en leeftijd ,,Ja,vmbo,False,Zeker niet,False,True
143,33,Of ik het financieel en praktisch geregeld kan krijgen ,,Nee,hbo,True,Weet het niet,False,False
144,23,Ik zou graag kinderen willen maar je weet nooit hoe het leven loopt van te voren. Misschien kan ik geen kinderen krijgen of heb ik op dat moment geen partner die kinderen wilt... Ik laat het gewoon op me af komen en als de tijd en situatie er is dan komt het wel. ,0.0,Nee,basisonderwijs,False,Zeker niet,False,True
145,22,"Ik wil graag een vast inkomen, goed huisje en een vaste relatie ",,Ja,mbo,False,Waarschijnlijk wel,True,False
146,33,"Ik heb een onregelmatige cyclus en ben zwanger met clomid. Daardoor, en ook doordat ik zelf [functie] ben, weet ik dat het niet vanzelf gebeurt. Wij willen wel heel graag nog een derde (liefst 4 in totaal maar dat is wat veel met onze carriÃ¨res..) ",4000.0,Ja,wo,True,Zeker wel,True,True
147,35,Ik heb geen partner. Daarnaast vind ik het leeftijdsverschil tussen een eventuele baby en mijn zoon te groot inmiddels ,,Nee,mbo,True,Waarschijnlijk niet,False,False
148,29,Ik heb NAH daardoor ben ik chronisch vermoeid en heb last van prikkels. Op het moment is het daarom voor mij niet reÃ«el om kinderen re krijgen. ,0.0,Ja,havo/vwo,False,Waarschijnlijk niet,False,False
149,36,Mijn partner is jÃ¡ren geleden gesteriliseerd en ik zou dan naar een IVF-kliniek moeten voor een kind. ,1500.0,Ja,hbo,True,Waarschijnlijk niet,False,False
150,26,Ik ben nu heel snel zwanger geraakt en zal niet bang zijn om niet meer zwanger te kunnen raken.  Ik vind het alleen nu wel spannend hoe het gaat lopen met de corona vaccinaties ed. ,2800.0,Ja,hbo,True,Waarschijnlijk wel,True,False
151,31,"Geen kinderen omdat:  * Chronisch ernstig ziek. Hierdoor is een zwangerschap en bevalling waarschijnlijk te zwaar. Ook de opvoeding kan ik fysiek nu niet aan. Kan het een kind niet aandoen om met een zieke moeder te zitten die nauwelijks iets kan. Een kind hoort lekker kind te kunnen zijn, geen verzorger voor z'n ouder. * Heb geen relatie waardoor het praktisch gezien al lastiger is om een kind te krijgen. Wil niet alleen ouder worden vanwege mijn gezondheid. Verder wil ik een kind een stabiele relatie aanbieden. Dat die weet dat die uit liefde geboren is. Niet omdat ik zo nodig een kind moest krijgen en daarom maar bijv. voor een spermadonor heb gekozen. Dat voelt egoÃ¯stisch aan.  Bovenstaande punten zijn de belangrijkste redenen, deze volgen later: * Het wordt financieel lastig om rond te komen. Zit nu al krap bij kas dankzij mijn uitkering (gelukkig en dankbaar dat ik die krijg, anders heb ik geen inkomen meer). Wil niet dat een kind in armoede opgroeit. Luxe is niet nodig, maar zonder zorgen de basisdingen kunnen kopen (eten, kleding, enz.) zou fijn zijn. Wil een kind niet met dat soort zorgen opzadelen. Hoe klein ze ook zijn, ze merken het wel als er wat speelt.  * De wereld is nu geen leuke plek. De klimaatveranderingen worden steeds heftiger en we krijgen steeds meer een maatschappij die om zichzelf en niet elkaar draait. Ook de sociale media verpesten o.a. zoveel kinderen/jongeren. Dat legt zoveel druk op hen van 'je moet hieraan voldoen, je moet meedoen, dan pas is het perfect, dan pas ben je goed genoeg'. En als er mensen met slechte bedoelingen zijn, staat dat voor altijd online. En waar blijft het buiten spelen, creatief bezig zijn, leven in je fantasie? Allemaal stappen die dankzij alle technologieÃ«n steeds meer wegvallen waardoor kinderen minder goed ontwikkelen. Nee, het is geen leuk vooruitzicht om een kind daarin te zetten. ",1617.0,Nee,mbo,False,Zeker niet,False,True
152,31,De wens is er zeker. Er bestaat echter de kans dat dat wij geen kinderen kunnen krijgen. Partner wil dan geen IVF traject of dergelijke. ,3043.0,Ja,hbo,False,Zeker wel,True,True
153,44,"Mijn leven is zo gelopen. Ik ben 43 zonder partner, en nooit een kinderwens gehad. Misschien als ik bij een jeugdliefde gebleven was, het anders was verlopen, maar heb er nooit bewust een keuze in gemaakt. Op deze leeftijd zonder partner wil ik zeker geen kind op de wereld zetten, mocht het Ã¼berhaupt nog kunnen. ",,Nee,hbo,False,Zeker niet,False,True
154,37,"Wij willen geen kinderen meer. Vinden ons gezin compleet. Onze dochter is 8, geen behoefte om alles weer opnieuw mee te moeten maken. ",2700.0,Ja,mbo,True,Zeker niet,False,True
155,40,"Ik ben door een operatie in 2017 voor het eerst geconfronteerd met de vraag of ik een kinderwens had. Ik was toen 37 en werd eigenlijk overdonderd, nooit verder gedacht dat ik ook kinderen kon hebben of willen. Ik ben vanaf mijn 30ste vrijgezel geweest en niet gedacht dat ik ooit nog een partner zou vinden. Op mijn 35ste vind ik die partner en deze vertelde dat hij echt geen kinderen wil. Ik vond en vind dit nog steeds zijn keuze. Nooit gedacht of gedroomd dat ik kinderen zou hebben of krijgen. Heb voor 12,5 jaar een geweldig hondje mogen hebben waar ik zielsveel van hield en dat is in 2019 overleden. Ik heb ook niet de behoefte gehad om haar te vervangen. Op dit moment Jan ik gaan en staan waar we willen, hoeven niks te regelen voor iemand of iets. Ik vind dit een erg prettige gedachte en heb er grote vrede mee. Nadat ik in 2017 de vraag kinderwens kreeg was ik zo van slag dat ik een psycholoog heb benaderd omdat ik zeker wilde zijn dat ik echt geen kinderen wilde. In ieder geval niet voor mezelf maar ook niet voor een ander (mijn ouders). De keuze geen kinderen was na 2 sessies erg duidelijk en erg verhelderend geweest. Ik leef nu en geniet er erg van. ",,Ja,mbo,False,Zeker niet,False,True
156,26,"Afronding van studie, financiele consequenties van een kind. ",3100.0,Ja,wo,False,Weet het niet,False,False
157,26,"Ik werk zelf in de geboortezorg en ben mij er terdege van bewust dat een kind willen en een kind krijgen niet hetzelfde is. Het krijgen van mijn eerste kind ging makkelijk, maar dit zegt niet alles over een eventueel volgend kind. Oftewel; de wens is er zeker maar het antwoord â€˜waarschijnlijk welâ€™ geeft enige voorzichtigheid rondom de maakbaarheid en planbaarheid van een gezin weer. ",3360.0,Ja,hbo,True,Waarschijnlijk wel,True,False
158,30,Ik vind 2 kinderen genoeg ,1720.0,Ja,hbo,True,Zeker niet,False,True
159,43,"Euh ik ben 43 jaar heb een tiener in huis, geen kinderwens meer. ",1250.0,Ja,mbo,True,Zeker niet,False,True
160,28,Beide (ik en partner) studeren en werken fulltime. Hoe sneller we afstuderen hoe makkelijker je aan kinderen kan denken. Daarbij speelt de corona crisis ook een grote rol. We willen nog reizen en veel van de wereld zien voordat we aan kinderen beginnen. ,0.0,Ja,vmbo,False,Waarschijnlijk wel,True,False
161,35,geen vriend nog ,,Ja,mbo,False,Zeker wel,True,True
162,35,"Leeftijd, coronatijd / vaccinatie, weer in de luiers. ",,Ja,hbo,True,Waarschijnlijk wel,True,False
163,40,Ik kan geen kinderen meer krijgen. Mijn eileiders zijn vanwege een kanker gen verwijderd. ,2250.0,Ja,hbo,True,Zeker niet,False,True
164,24,,100.0,Ja,hbo,False,Waarschijnlijk niet,False,False
165,34,niet in mijn handen ,,Nee,wo,False,Zeker wel,True,True
166,34,"Gelukkig met twee kinderen, gezin nu compleet. pittige zwangerschap en bevalling gehad ivm misselijkheid en inleiding. ",1792.0,Ja,hbo,True,Zeker niet,False,True
167,27,"Ik weet niet of een kind mij geschonken wordt, mocht dit wel het geval zijn dan is het van harte welkom. ",0.0,Ja,mbo,False,Weet het niet,False,False
168,34,"Ik ben dol op mijn eigen kinderen en zou graag nog meer kinderen krijgen willen. Zo bijzonder. Maar de 3 bevallingen zijn goed gegaan en de meiden zijn gezond. Het is iedere keer weer een wonder als alles goed gaat. Ik ben bang en onzeker of het bij toekomstige bevallingen ook zo gaat. En kinderen kosten veel geld, als je alles wilt geven en blijven doen. (Zoals vakanties, sporten, merkkleding) Financieel is het dan",,Ja,hbo,True,Zeker niet,False,True
169,35,Op dit moment staat het niet op de planning. Vind het nogal groots om te zeggen nooit ,0.0,Ja,havo/vwo,True,Waarschijnlijk niet,False,False
170,36,We hebben nu 2 kindjes en zijn hier gelukkig mee. Ik denk dat ik hier misschien wel bijna zeker niet in had kunnen vullen ,4300.0,Ja,wo,True,Waarschijnlijk niet,False,False
171,40,ik wil graag kinderen ,1099.0,Ja,hbo,False,Zeker wel,True,True
172,41,Ik ben 41 jaar en heb 2 gezonde dochters op de wereld gezet. Dat is voor ons voldoende. ,,Ja,hbo,True,Zeker niet,False,True
173,33,"Onze jongste is net 1. Het was een  heel zwaar eerste jaar, met iedere nacht gemiddeld 5 keer eruit en daar lijkt nog even geen eind aan te komen.   We hebben het wel over een derde gehad, wilden graag een groot gezin. Ik weet niet of ik /of onze relatie nog zo'n periode aankan. ",2700.0,Ja,wo,True,Weet het niet,False,False
174,29,"Ik zei als kind al dat ik graag moeder wilde worden. In een langdurig date contact ben ik daar tijdelijk aan gaan twijfelen, omdat dat contact geen kinderen wilde en ik hem wel heel leuk vond. Ik ben er toen zo van geschrokken dat iemand anders me hierover liet twijfelen dat ik nu zeker weet dat ik graag kinderen zou willen. Ik ben echter wel onzeker over wanneer ik me goed genoeg voel bij mijn partner om deze langdurige verbintenis samen aan te gaan. Mijn huidige vriend heeft een zoontje van 3 (ik heb geen kinderen) en gezien ik zelf uit een stabiele gezinssituatie kom, vind ik het moeilijk voor me te zien om te starten met een samengesteld gezin wanneer wij kinderen zouden krijgen. Daarnaast maakt het me onzeker dat hij twijfelt of hij meer kinderen zal willen en ik er wel 2 a 3 zou willen als het me gegund is. Ik vraag me dan weleens af of het verschil te groot is. Los van mijn huidige partner is er ergens wel de angst om mijn beeld van een gezin niet waar te kunnen maken voor mijn toekomstige kinderen, omdat je in een relatie altijd twee partijen hebt en ik alleen niet overal invloed op heb. ",3250.0,Nee,hbo,True,Waarschijnlijk wel,True,False
175,28,"Ik heb nog niet het gevoel wat sommige mensen hebben, waardoor ze zeker weten dat ze kinderen willen. Ik weet dat ik er financieel en qua woning en sterke relatie wel klaar voor zou zijn, maar gevoelsmatig nog niet helemaal. Verder twijfel ik soms of ik wel een kind op de wereld wil zetten waarin we nu leven. Met alle ellende waar we mee te maken krijgen (criminaliteit, rellen, etc). En ik ben me ervan bewust dat je ook veel van je vrijheid opgeeft door de opvoeding van een kind. Kortom: Nog niet overtuigd genoeg om er daadwerkelijk aan te beginnen. En ik vind ook niet dat het een gegeven feit hoeft te zijn dat iedereen maar kinderen neemt. Het is een beslissing die iedereen voor zichzelf mag nemen. En daarnaast moet het je ook maar gegund zijn... ",3600.0,Nee,hbo,False,Weet het niet,False,False
176,28,"Op het moment zijn wij net begonnen om zwanger te geraken. Onzekerheden zijn in deze tijd wel de covid-19 crisis, en we zitten ook midden in een proces van een huis kopen. Het meest lastige vind ik zelf dat je niet kunt weten, omdat je nog nooit zwanger bent geweest, of je vruchtbaar bent of niet. Dus hoe lang gaat het duren? Een half jaar zou ik heel fijn vinden, binnen een maand zou ik spannend vinden maar als het langer duurt dan anderhalf jaar dan zou ik zenuwachtig worden. ",1900.0,Ja,hbo,False,Zeker wel,True,True
177,23,"Ik ben nog aan het studeren en heb nog geen partner, dus ben daarom zeker niet van plan de komende 3 jaar een kind te krijgen. Ik heb daarnaast Ã¼berhaupt geen sterkte kinderwens, wat me soms best wel onzeker maakt omdat de meeste vriendinnen en andere mensen uit mijn directe omgeving dat wel heel erg hebben. Ik ben 24 en heb nog nooit echt die 'moederkriebels'/of springende eierstokken zoals het volgens mij wordt genoemd, gehad. ",87.0,Nee,wo,False,Zeker niet,False,True
178,28,"Ik heb geen partner, ben al 28 jaar en wil uberhaupt geen kinderen. Ik ben erg gehecht aan mijn vrijhrid, er zijn al genoeg kinderen op de wereld en ik zie bij mensen om mij heen hoe lastig het soms kan zijn. ",2600.0,Nee,wo,False,Zeker niet,False,True
179,23,"Ik heb op dit moment geen enkel gevoel bij het krijgen van kinderen, dus op dit moment weet ik zeker dat ik ze niet wil. Mocht dit in de toekomst veranderen, dan merk ik dat wel. ",350.0,Ja,wo,False,Zeker niet,False,True
180,41,"kan geen kinderen krijgen, geen behoefte aan kinde",1950.0,Nee,hbo,False,Zeker niet,False,True
181,25,"Kinderen opvoeden lijkt mij heel mooi en leuk om te doen. Het lijkt me wel een erg grote verantwoordelijkheid, ook op financieel gebied. Het lijkt me fijn om een gezin te hebben en samen dingen te ondernemen en mee te maken. ",0.0,Ja,havo/vwo,False,Waarschijnlijk niet,False,False
182,34,Ik wil geen kinderen die opgroeien in deze maatschappij waarin we nu leven. Plus daarnaast gaat tegenwoordig iedereen uit elkaar als partner en hebben de meeste kinderen gescheiden ouders. Zij hebben hier nooit voor gekozen maar zijn wel de dupe ervan. ,,Nee,vmbo,True,Zeker niet,False,True
183,31,Te onzekere toekomst. ,,Ja,vmbo,True,Waarschijnlijk niet,False,False
184,39,Kinderen krijgen is een wens maar gaat niet vanzelf en ook niet op natuurlijke wijzer. Een zware medisch traject zal ik weer in moeten gaan met een slagingskans van 1%. Dus ja heel graag maar is niet vanzelf. ,5200.0,Ja,wo,True,Zeker wel,True,True
185,29,Of ik het mentaal aan kan. Kinderen hebben kosten mij als introverte moeder veel energie. ,1500.0,Ja,mbo,True,Waarschijnlijk wel,True,False
186,24,Als ik ze zelf niet kan krijgen adopteer ik gewoon ,1076.0,Nee,basisonderwijs,False,Zeker wel,True,True
187,41,"Op dit moment heb ik geen (vaste) partner. Stel ik krijg een partner die nog geen eigen kinderen heeft en dit wel zou willen, sluit ik dit niet geheel uit.  Toevallig heb ik laatst een zwangerschapstest gedaan en ondanks geen vaste relatie zou ik niet zomaar het kindje weg kunnen halen. In het laatste geval zou het dan welkom zijn, nog steeds niet gepland. ",,Nee,hbo,True,Waarschijnlijk niet,False,False
188,43,Mijn leeftijd is het belangrijkst. Maar omdat ik geen voorbehoedsmiddelen gebruik is het niet geheel uitgesloten al is het niet de verwachting dat het nog gebeurt. ,2300.0,Ja,hbo,True,Waarschijnlijk niet,False,False
189,26,"Ik werk zelf met kinderen, dus affiniteit is er zeker. Daarentegen zie ik in mijn werk ook vaak wat er mis kan gaan, dus dat brengt soms wel twijfels met zich mee. Aan de andere kant kunnen kinderen je leven verrijken. Momenteel zitten we nog in een fase dat we genieten van het leven, onze vrienden en elkaar, maar in de toekomst kan ik me voorstellen dat de drang om van alles te ontdekken afneemt en dat dit wordt vervangen door de wens voor kinderen. Het lijkt me prachtig om wezentjes van jezelf groot te zien worden. ",3200.0,Ja,wo,False,Waarschijnlijk wel,True,False
190,32,"Ik heb geen kinderwens, nu niet en ik ga er vanuit over 3 jaar ook niet ",5000.0,Nee,wo,True,Zeker niet,False,True
191,36,"ik kom uit een zware ptss. afbouw van zware pijnmedicatie. lang traject geweest om uberhaupt zwanger te mogen en kunnen worden. nu staat het licht op groen, maar ik vind het spannend. er gebeurd nog heel veel in mijn leven met name ook verwerkingsprocessen op [traumatische ervaring]. een kinderwens is er zeker, maar alles op zijn tijd. ik ga nu eerst mijn eigen verwerkingsproces afmaken. dat voelt voor mijn en mijn partner nu het beste.  we hebben vertrouwen in elkaar. het maakt of breekt onze relatie niet als we kinderloos blijven. dat hebben we duidelijk uitgesproken naar elkaar. en daar ben ik dankbaar voor. we zien wel wat de toekomst ons brengt. ",1100.0,Ja,mbo,False,Waarschijnlijk wel,True,False
192,27,"Ik zou heel graag meer kinderen willen, vanwege ik een grote kinderwens altijd al gehad heb. De zorg voor kinderen en de ontwikkeling zijn zeer interresant en zijn ook mijn studie drijfveer geweest. Om het van dichtbij mee te maken vind ik helemaal heel erg bijzonder ",1650.0,Ja,havo/vwo,True,Zeker wel,True,True
193,31,Sterke kinderwens met als ideaal een gezin met drie kinderen. Drie maanden geleden bevallen van de tweede. Dus de derde zal zich hopelijk binnen drie jaar wel aandienen (indien ons gegund uiteraard) ,1704.0,Ja,mbo,True,Zeker wel,True,True
194,31,Ik ben er nog niet aan toe om nu kinderen te krijgen  Ik weet niet of ik zwanger zou kunnen worden.  Ik vind de verantwoordelijkheid heel groot. ,2758.0,Ja,hbo,False,Waarschijnlijk wel,True,False
195,35,heb er al 3 vind dat wel voldoende ,0.0,Ja,basisonderwijs,True,Weet het niet,False,False
196,23,"Ik ben zelf pas 24 jaar oud en vind mijzelf nog niet in staat om een kind op te voeden. Ik kamp zelf nog erg met psychische problemen die mijn leven belemmeren en ik wil een kind een stabiel en veilig thuis kunnen bieden. Ook ben ik bang mijn kinderen te ""verpesten"" of psychische problemen over te dragen op het kind. Ik wil eerst goed voor mijzelf leren zorgen en stabiel in het leven staan voordat ik de verantwoordelijkheid van een kind wil dragen. ",,Nee,vmbo,False,Waarschijnlijk niet,False,False
197,42,Ik ben 42 en heb 2 kinderen. Ikbenteoud ,,Ja,mbo,True,Zeker niet,False,True
198,43,Ik heb al 3 kinderen en ik vind dat genoeg ook ben ik oud geworden ,,Ja,vmbo,True,Zeker niet,False,True
199,21,"De wereld waarin we leven wordt steeds harder, en ik weet niet of ik er dan goed aan zou doen om kinderen te krijgen. ",150.0,Ja,havo/vwo,False,Weet het niet,False,False
200,23,"Omdat ik nog studeer ben ik niet van plan om aan kinderen te nemen, en ik dan pas 27 ben en dan nog liever geen kinderen krijg. ",1154.0,Nee,mbo,False,Zeker niet,False,True
201,30,"Of dit biologisch lukt, of de omstandigheden in mijn leven gelijk blijven. ",3000.0,Ja,wo,False,Waarschijnlijk wel,True,False
202,42,Ik ben 42 en vind kinderen voldoe,0.0,Ja,hbo,True,Zeker niet,False,True
203,24,"Ik ben nog aan het studeren en ik weet nog niet precies, hoelang mijn studie duurt ",1400.0,Ja,mbo,False,Waarschijnlijk niet,False,False
204,25,"De opwarming van de aarde en klimaatverandering is niet hoopvol voor de volgende generatie, laat staan voor een pas geboren kind. Ook de toename van technologie en de samenleving die daardoor snel veranderd vind ik iets om over na te denken. ",900.0,Nee,havo/vwo,False,Waarschijnlijk niet,False,False
205,34,Ik ben heel gelukkig met 2 kinderen. Mijn kraamtijd was vrij heftig en dat houd me nu tegen om nog voor een 3e kind te gaan. ,3500.0,Ja,wo,True,Weet het niet,False,False
206,41,Ik ben onzeker omdat ik al 41 jaar ben. ,0.0,Ja,wo,True,Waarschijnlijk niet,False,False
207,36,"Mijn kinderen zijn verwekt via ICSI. Ik blijk nu een autoimuunziekte te hebben, waardoor ik geen kinderen meer mag krijgen. Het is al bijzonder dat deze twee gezond t",2250.0,Ja,hbo,True,Zeker niet,False,True
208,34,Geen partner en vindt nu het leeftijdsverschil met mijn zoon te g,1483.0,Nee,vmbo,True,Zeker niet,False,True
209,21,Ik ben nog jong en kan geen (financiÃ«le) zekerheid bieden voor een kind op dit moment. In de komende drie jaar ben ik nog bezig met mijn studie. Na deze drie jaar wil ik het liefst of doorstuderen of een fulltime baan nemen. Met een kind gaat dit lastig. Zo heb je minder tijd voor een studie en zo wordt je ook minder snel aangenomen als je een kind hebt. Bovendien heb ik nu geen vaste baan en kan ik een kind helemaal niet betalen. Dit zie ik niet veranderen in de komende drie jaar. ,0.0,Ja,havo/vwo,False,Zeker niet,False,True
210,23,Ik ben op dit moment nie,0.0,Ja,vmbo,False,Zeker niet,False,True
211,36,"Ik heb 2 prachtige kinderen, mijn gezin is compleet. ",2840.0,Nee,mbo,True,Zeker niet,False,True
212,39,Voor mij ligt de onzekerheid in het krijgen van kinderen in hoeverre ik een in gezonde en stabiele relatie zit en een partner heb die de zelfde wensen heeft als ik. ,2900.0,Nee,wo,False,Zeker wel,True,True
213,36,Ik wil het niet  maar het kan ongepland gebeuren ,1350.0,Ja,mbo,True,Waarschijnlijk niet,False,False
214,28,"Het ligt er aan of ik een partner heb, op dit moment single. Maar wens is wel heel groot dus zal ook kijken naar andere mogelijkheden als donor als het over een tijd niet lukt ",3500.0,Nee,hbo,False,Zeker wel,True,True
215,31,Mijn vriend zit in de afwikkeling van zijn vorige relatie. Wij willen beiden graag kinderen. Hij wil er nota bene 4. Dat weet ik niet of ik dat wel zo prettig ga vinden. Maar onze leeftijden tellen hierin ook mee. Ik ben 31 en hij is 36. Dat we kinderen krijgen binnen 3 jaar is een gegeven. ,1600.0,Nee,hbo,False,Zeker wel,True,True
216,21,Ik heb altijd al van kinderen gehouden en het lijkt me geweldig om een eigen kind te hebben. Het lijkt me mooi om deze samen met mijn partner te zien opgroeien. ,1200.0,Nee,havo/vwo,False,Zeker niet,False,True
217,39,We hebben 2 gezonde kinderen gekregen. Ook heb ik 2 miskramen gehad. Dat was echt vreselijke ervaring. Dus we zijn dankbaar dat we 2 gezonde kinderen hebben. Het is goed zo ik zou heb niet aan kunnen als het nog eens een miskraam zal worden. Vandaar de keuze. ,850.0,Ja,mbo,True,Zeker niet,False,True
218,23,Ãœberhaupt of ik kinderen zou kunnen krijgen. Maar ook of ik iemand vind om mijn leven mee te delen en kinderen mee te willen krijgen. Of ik me sterk en energiek genoeg voel/ben om voor kinderen te kunnen zorgen. ,0.0,Nee,havo/vwo,False,Weet het niet,False,False
219,43,Ik wil geen kinderen ,2615.0,Ja,hbo,False,Zeker niet,False,True
220,39,Medische oorzaak ,,Ja,hbo,True,Waarschijnlijk niet,False,False
221,39,ik ben al 39 en ben vrijgezel ,3017.0,Nee,havo/vwo,False,Weet het niet,False,False
222,26,"Of ik wel (nog) vruchtbaar ben op het moment dat ik toe ben aan kinderen, over een paar jaar. En of mijn partner dan ook nog steeds kinderen wilt, hij geeft nu aan van wel. En of mijn eigen wens dan niet veranderd is, omdat ik een beter beeld heb van het hebben van kinderen, door mijn omgeving en omdat ik eventueel veranderd kan zijn. ",3050.0,Ja,wo,False,Waarschijnlijk wel,True,False
223,40,"Hangt af van de privÃ©situatie, momenteel alleenstaande moeder met wel latrelatie. Zou graag nog 3e kindje willen, maar ook mijn lft (nu 40) gaat meespelen ",2500.0,Nee,wo,True,Weet het niet,False,False
224,25,Op dit moment heb ik geen vaste relatie. op dit punt in mijn leven zie ik ook geen mogelijkheid om in mijn eentje een kindje op te voeden omdat ik nog niet zo toe ben aan kinderen dat ik dat zou doen. Mocht ik iemand tegenkomen binnenkort en het gaat erg goed dan zou ik wel over kinderen nadenken ,2200.0,Nee,hbo,False,Waarschijnlijk niet,False,False
225,41,"we zijn al ruim 3 jaar bezig een kind te krijgen, ook miskraam gehad het wil niet lukken en ik ben al 41 ",3900.0,Ja,wo,True,Waarschijnlijk wel,True,False
226,41,"Ik heb 3 mooi kinderen, die ik graag de aandacht wil geven die ze nodig hebben. Daarnaast vind ik het niet langer verstandig gezien mijn leeftijd nog kinderen te willen krijgen. ",3000.0,Ja,wo,True,Zeker niet,False,True
227,41,Op het moment ben ik 41. Mijn kinderwens is altijd groot geweest maar niet gelukt en nu heb ik me erbij neergelegd dat het er niet meer van komt. ,2800.0,Ja,mbo,False,Waarschijnlijk niet,False,False
228,22,"Ik studeer de komende anderhalf jaar sowieso nog, dit eist veel tijd en ik heb daardoor geen bijbaan. Hierna zal ik mij specialiseren, waarbij ik wel een inkomen zal hebben, maar ik heb nog geen zekerheid waar ik dit zou kunnen doen en hoe snel ik een plek krijg. Kortom, wegens studie, financiÃ«n en huisvesting. ",0.0,Nee,havo/vwo,False,Waarschijnlijk niet,False,False
229,22,Ik ben nog te jong en nog bezig met mijn opleiding ,450.0,Ja,wo,False,Zeker niet,False,True
230,35,single ,,Ja,hbo,False,Weet het niet,False,False
231,23,Je weet niet of het gezegend is. ,180.0,Ja,vmbo,False,Zeker wel,True,True
232,23,"Mijn partner, ik wil mij ook kunnen uitbreiden. Mijn visie is dat het leven compleet is met ",,Ja,mbo,False,Zeker wel,True,True
233,34,Twee kinderen vinden wij meer dan voldoende. ,0.0,Ja,mbo,True,Zeker niet,False,True
234,30,Omdat ik bijna zeker weet geen kinderen te willen. Ben op dit moment 30 en geen relatie maar in mijn vorige relatie van 8 jaar had ik datzelfde gevoel. Maar niet 100 % zeker want je weet niet wat er op je pad komt in de toekomst. ,,Ja,mbo,False,Waarschijnlijk niet,False,False
235,38,"Ons gezin is compleet. Zowel voor mij als moeder, maar ook voor mijn man. Waarom is het compleet? Als eerste is dat een gevoel; het voelt goed zo. Daarnaast komen er financiÃ«le en praktische aspecten bij kijken. Meer kinderen betekent ook gewoon meer kosten: een nieuwe auto kopen, groter hui",2488.0,Ja,hbo,True,Zeker niet,False,True
236,28,"Op het moment ben ik zwanger van ons eerste kindje. Vanwege endometriose die ik heb, is het een zware zwangerschap. Met bijna 27 weken zwangerschap knelde er intern iets af (waarschijnlijk door vele verklevingen) en bleef ik meerdere dagen achtereen flauwvallen. Een nieuwe zwangerschap zien we momenteel dus nog even niet zitten. Maar de kinderwens is er wel. ",1800.0,Ja,hbo,True,Weet het niet,False,False
237,40,Wij hebben het idee dat we compleet zijn met 1 kind en dat dit past bij wat wij aan kunnen als ouders en wat we finacieel kunnen dragen/verantwoordelijk voor kunnen zijn. We hebben niet het idee dat een extra kind iemand van ons meer geluk zal geven ,2300.0,Ja,hbo,True,Zeker niet,False,True
238,32,"Ik zou heel graag kinderen willen, maar heb op dit moment geen partner. ",4282.0,Nee,hbo,False,Waarschijnlijk wel,True,False
239,40,We hebben al 4 kinderen. En ons gezin is compleet. ,900.0,Ja,mbo,True,Zeker niet,False,True
240,21,Twee ongewenste zwangerschappen gevolgd door abortus hebben mijn kijk op het moederschap ongewild veranderd ,0.0,Ja,havo/vwo,False,Zeker niet,False,True
241,23,Ik vind mezelf nog te jong om kinderen te krijgen. Ik wil eerst een huis en een stabiel inkomen en relatie hebben voordat ik kinderen krijg. Ik ben momenteel nog aan het studeren. ,0.0,Ja,wo,False,Zeker niet,False,True
242,26,"Momenteel zit ik in de ziektewet. Ik woon bij mijn ouders en ik ben mijn leven op de rit aan het krijgen. Ik heb geen partner, en ik moet mijzelf naar mijn gevoel nog flink persoonlijk ontwikkelen.   Idealiter heb ik voor een kind: een dak, een baan, een partner en ben ik zelfverzekerd zodat ik het kind de volle aandacht kan geven dat het verdient. ",,Ja,havo/vwo,False,Zeker niet,False,True
243,43,Omdat ik daar niet meer de goede leeftijd voor heb . ,,Nee,mbo,True,Zeker niet,False,True
244,38,Voor mij nog onduidelijk. ,,Ja,hbo,False,Waarschijnlijk niet,False,False
245,24,Ik val op vrouwen dus de manier van kinderen krijgen is wat ingewikkelder. ,705.0,Nee,wo,False,Zeker niet,False,True
246,38,Ik heb al 3 kinderen en ben al op leeftijd. ,1700.0,Ja,hbo,True,Zeker niet,False,True
247,34,Kinderwens volt,2236.0,Nee,mbo,True,Zeker niet,False,True
248,37,"Ik heb geen partner en ik weet niet of ik in mijn eentje kinderen wil krijgen. Nu ik al iets ouder ben, begint de tijd wel te tellen. ",3975.0,Nee,hbo,False,Waarschijnlijk wel,True,False
249,30,Nog niets. Ik slik al jaren de pil en ben er nog niet mee gestopt om zwanger proberen te raken. Zodra wij er klaar voor zijn zullen we proberen kinderen te krijgen. Tot die tijd heb ik alleen mezelf ermee als ik me geestelijk ga kwellen of could've should've would'ves. ,2475.0,Nee,vmbo,False,Waarschijnlijk wel,True,False
250,41,Ik had een kinderwens na het krijgen van een dochter voor nog een tweede kind. Onlangs ben ik gescheiden. Vanwege mijn leeftijd en mijn medische achtergrond denk ik dat het zeer onwaarschijnlijk is dat ik nog kinderen zal krijgen. ,1937.0,Nee,hbo,True,Waarschijnlijk niet,False,False
251,30,Kinderen krijgen moet via het ziekenhuis en lastig nu om in het traject te komen! ,,Ja,mbo,True,Zeker wel,True,True
252,30,Studeren werken en een goed sparen huis verbouwen en de eerst kind als geven wat hij nodig heeft dan pas over andere kinderen beginnen en genieten van de kleine en op reis gaan hier en daar om een beetje van deze mooie wereld te zien kinderen krijgen kan altijd nog geen haast we zijn nog jongen en onze kleine jongen ook en het is zo leuk met hem als we dat gelijk doen dan hebben niet genoeg aandacht voor onze lieve jongen. ,1400.0,Ja,mbo,True,Zeker wel,True,True
253,25,Ik hoop dat het ons gegund is. Het is lang niet altijd van zelfsprekend ,,Nee,mbo,True,Waarschijnlijk wel,True,False
254,36,"Gevoel, compleet gezin ",,Ja,wo,True,Waarschijnlijk wel,True,False
255,41,Ok ben tevreden zo en heb heen kinderwens meer ,,Ja,mbo,True,Zeker niet,False,True
256,23,"Je weet nooit of je een kind krijgt, en daarnaast vind ik dat kinderen krijgen binnen een huwelijk hoort. Dus eerst moet ik gaan trouwen, en ik heb zeker een kinderwens, maar het is dus nooit zeker of ik dan al binnen 3 jaar een kind krijg. ",,Nee,wo,False,Waarschijnlijk wel,True,False
257,40,"Ik heb 1 dochter die ik alles kan geven, daarbij heb ik veel geluk gehad met mijn zwangerschap (ivm hypermobiliteit) en een moeizame bevalling (keizersnede) gehad.  We hebben hierna samen besloten dat wij het bij 1 kindje willen houden. Wij zijn opgelucht en blij met wat we hebben ",2500.0,Ja,mbo,True,Zeker niet,False,True
258,34,"Corina, toekomst leven onzekerheid, financieel ",,Ja,mbo,True,Weet het niet,False,False
259,22,"Ik wil graag kinderen, maar denk pas na 3 jaar. Maar als het daarvoor komt is het ook welkom ",2400.0,Nee,hbo,False,Weet het niet,False,False
260,43,"De maatschappij van tegenwoordig. Denk dat kids tegenwoordig snel beinvloedbaar zijn door social media, internet etc.  Lijkt mij heel moeilijk kinderen op te voeden in deze maatschappij en wereld waarin wij nu leven. En of ik t nog wel een kind wil op mijn leeftijd. ",,Nee,wo,False,Zeker niet,False,True
261,21,"Ik heb zelf nooit de behoefte gehad om (in de toekomst) kinderen te krijgen, en mijn partner ook niet. Het lijkt ons allebei niets voor ons, en we zien veel mensen om ons heen zonder kinderen. Dit trekt ons meer, we hebben allebei niet veel met kinderen van andere mensen en dus ook niet de behoefte om zelf kinderen te krijgen. ",,Ja,havo/vwo,False,Zeker niet,False,True
262,30,Leeftijd waarop het mogelijk is om een geschikte omgeving (oa huis) op tijd gaat lukken. Nu is de ruimte te klein om een kind in groot te brengen ,2400.0,Ja,wo,False,Waarschijnlijk wel,True,False
263,40,Twee is genoeg en ik ben inmiddels 40 waarbij het risico toeneemt ,4512.0,Ja,wo,True,Waarschijnlijk niet,False,False
264,34,"Ik heb nooit een kinderwens gehad en heb ook een chronische ziekte die de hele situatie ingewikkelder maakt,. Daarnaast ben ik blij dat ik een partner heb die ook geen kinderen wenst te hebben. ",3900.0,Ja,hbo,False,Zeker niet,False,True
265,38,"Ik weet het echt niet. Ergens krijg ik een verdrietig gevoel als ik er aan denk nooit meer zwanger te zijn, of een baby te krijgen. Aan de andere kant heb ik nu twee gezonde kinderen en komt er eindelijk wat meer tijd en (nacht) rust. De eerste jaren zijn toch wel heel intensief. Daarbij komen ook allerlei praktische punten: ons huis is dan te klein, onze auto, etc. En ik ben ook bang dat het misschien niet meer lukt omdat ik ouder ben. Ik denk dat als wij het financieel ruimer zouden hebben en dat het makkelijker zou zijn om groter te gaan wonen of dat een van ons minder kan gaan werken we eerder zouden kiezen voor nog een derde. Ergens wil ik het wel heel graag, maar er staat nu te veel in de weg om het ook te doen ",,Ja,hbo,True,Weet het niet,False,False
266,25,nog geen vaste relatie ,3100.0,Nee,hbo,False,Waarschijnlijk wel,True,False
267,39,Ik weet heel zeker dat kinderen krijgen noch voor mijzelf noch voor mijn relatie toegevoegde waarde heeft ,1900.0,Ja,wo,False,Zeker niet,False,True
268,31,Ik geef liever geen antwoord ,,Ja,vmbo,False,Waarschijnlijk wel,True,False
269,33,"Ik weet niet in welke maatschappij ik mijn kinderen zal opvoeden en welke toekomst ze krijgen. Hoe slecht of hoe goed deze is.  Heb ik zelf wel de behoefte om moeder te worden?  Ik werk 5 dagen met kinderen van anderen en zie de impact van kinderen op de ouders en andersom. Je levert als ouders alle vrijheden in, in ruil voor de rest van je leven verantwoordelijkheid, verantwoording en heel veel zorgen ",2500.0,Ja,hbo,False,Weet het niet,False,False
270,23,Als ik in de toekomst kinderen mag krijgen zou ik dit alleen willen als mijn relatie stabiel is en als het financieel haalbaar is. Ik zou mijn kinderen namelijk alles willen bieden. ,,Ja,hbo,False,Zeker niet,False,True
271,39,"Leeftijd Bepalend voor je leven  Ik zie onvoldoende om me heen dat het hebben van kinderen echt leuk is. Een gezinsleven is druk en kan stressvol zijn. Ik zie aan de jonge moeders om me heen dat het veel ballen hoog houden is. Het past niet in de vrijheid van leven die ik graag wil ervaren, de verplichte structuur en regelmaat. Daarnaast weet ik niet of deze wereld zo mooi is om in op te groeien met alle problematiek. ",3000.0,Ja,hbo,False,Waarschijnlijk niet,False,False
272,29,Ik heb geen partner en ik wil eerst zeker weten dat die relatie goed is voordat ik besluit om een kind te krijgen. ,200.0,Nee,wo,False,Waarschijnlijk niet,False,False
273,33,Ik begrijp de vraag niet. Ik wil graag kinderen. We zien wel of er nog meer kinderen komen. ,,Ja,wo,True,Waarschijnlijk wel,True,False
274,25,Het hebben van een stabiele relatie en ik hoop vruchtbaar te zijn. ,,Ja,hbo,False,Weet het niet,False,False
275,39,Ik ben alleen staande moeder en ik loop bij een bevruchtingskliniek voor een tweede kind.   Dit is een moeizaam traject ( door lichamelijke gezondheid).  Ik ben 39 en na mijn 40 vind ik het te veel risico ,,Nee,hbo,True,Zeker wel,True,True
276,34,Of je wel kinderen kunt krijgen (onvruchtbaarheid) ,5150.0,Ja,wo,True,Zeker wel,True,True
277,38,Zorgen dat ik mijn kind niet alles kan geven. Denk aan een gezin met een vader en moeder. Op financieel gebied. Op emotioneel vlak. Maar ook dat ik mâ€™n leven moet aanpassen. Denk aan mijn baan als stewardess. ,2539.0,Nee,mbo,False,Waarschijnlijk niet,False,False
278,28,"Ik hoop dat het lichaam en het lichaam van mijn partner het toelaat om zwanger te raken en een zwangerschap uit te dragen. We hebben het nog niet geprobeerd, dus we zijn er nooit helemaal zeker van dat onze voortplantingsorganen (en alles wat er bij komt kijken) werken naar behoren. Voor de rest ben ik er 100% zeker van dat ik kinderen wil en mijn partner misschien 95%. Nu natuurlijk hopen dat er geen gekke dingen gebeuren tussen ons de aankomende jaren en we nog steeds samen gelukkig zijn als we echt willen proberen. ",3600.0,Ja,wo,False,Waarschijnlijk wel,True,False
279,26,"Met name of het Ã¼berhaupt mogelijk is en wat de juiste timing zou zijn (terwijl ik realistisch gezien weet dat er niet 1 juist moment voor is). Ik ben bang dat vanwege onregelmatige cyclus het lang kan duren voor het lukt om zwanger te worden, waardoor ik het denk ik liever zo vroeg mogelijk zou willen. Ik weet niet goed waarom ik zo zeker weet dat ik kinderen wil, dit heb ik altijd zo ervaren. Wel merk ik dat doordat mensen om me heen kinderen krijgen ik er iets minder makkelijk over denk, aangezien het echt je leven totaal om kan gooien. ",3800.0,Ja,wo,False,Weet het niet,False,False
280,35,"Mijn gezondheid. Ik heb 2,5 jaar geleden borstkanker gehad en daarnaast heb ik de ziekte van Bechterew. Ik zou graag wel een kind willen, maar denk dat het voor mijn gezondheid gewoon niet verstandig is. Ik ervaar al heel veel beperkingen door mijn gezondheid waardoor het soms lastig is om voor mezelf te zorgen, laat staan voor een kind. ",2200.0,Nee,hbo,False,Waarschijnlijk niet,False,False
281,33,"Corona, hoe het gaat met de rest van de kinderen, hoe het gaat met mij, of mijn partner ook wil, hoe het loopt op mijn werk. ",3638.0,Ja,wo,True,Waarschijnlijk wel,True,False
282,43,ik ben nu 43 jaar en heb 3 gezonde kinderen. ze worden nu wat groter en weer wat meer tijd voor mezelf ,1300.0,Ja,mbo,True,Zeker niet,False,True
283,30,Een boertje/zusje voor onze pasgeboren zoon zou over een paar jaar mooi zijn. Het moet ons wel gegund zijn. ,2700.0,Ja,hbo,True,Zeker wel,True,True
284,33,"Ik ben 4 keer zwanger geweest.dit liep 3 keer uit op een miskraam en 1 keer op een buitenbaarmoederlijke zwangerschap.waarbij ik met spoed geopereerd moest worden, omdat mijn eileider was geknapt. In een zwangerschap vertrouw ik mijn eigen lichaam niet meer. ",,Ja,mbo,False,Waarschijnlijk niet,False,False
285,29,Eerst genieten van het eerste kind. Wanneer ons eerste kind wat ouder is maakt ze een broertje of zusje wat bewuster mee en dat vinden we leuker. ,,Ja,mbo,True,Waarschijnlijk niet,False,False
286,25,Wilt de partner kinderen. Hoe is het met het Nederlandse volk gesteld ,2978.0,Ja,mbo,False,Waarschijnlijk wel,True,False
287,36,Het maakt me onzeker of het wel lukt om nog meer kinderen te krijgen. En ook dat het op tijd lukt ivb met het leeftijdsverschil. Wat me zeker maakt is dat ik weet dat wij samen een sterke relatie hebben en alles goed op orde om kinderen groot te brengen. ,,Ja,hbo,True,Zeker wel,True,True
288,25,Wil eerst wat geld verdienen en genieten ,,Ja,hbo,False,Weet het niet,False,False
289,36,"Wij hebben 3 kinderen en vinden dit voldoende. Na de geboorte van mijn jongste dochter wilde ik graag nog een 4e kind. Maar mijn man vond 4 kinderen echt te veel. Inmiddels zijn we bijna 5 jaar verder en vind ik het zo ook wel prima met 3 kinderen, ik zou er nu niet meer voor kiezen weer aan een baby te beginnen omdat ik nu net gewend ben aan wat zelfstandigere kinderen. Echter mocht ik onverwachts toch zwanger worden dan is het kind zeker welkom! ",4500.0,Ja,wo,True,Waarschijnlijk niet,False,False
290,39,"Vanwege mijn leeftijd (bijna 40) en partner die geen kinderen wil, weet ik zeker dat ik geen kinderen zal krijgen. ",4400.0,Nee,wo,False,Zeker niet,False,True
291,41,"Ik heb 3 kinderen, heb nu de leeftijd van bijna 41 jaar waarmee ik sowieso te oud ben om nog een kind op de wereld te zetten. Daarnaast vind ik 3 kinderen echt ruim voldoend",,Ja,mbo,True,Zeker niet,False,True
292,40,Genoeg aan 2 ,,Ja,basisonderwijs,True,Zeker niet,False,True
293,37,Wij hebben 2 kinderen en daar zijn wij heel gelukkig m,,Ja,,True,Zeker niet,False,True
294,27,"Ik zou ontzettend graag kinderen willen krijgen als mij dat gegund is. Mijn partner en ik hebben het hier al af en toe over. Het lijkt mij geweldig om mijn liefde aan mijn kinderen te kunnen geven. Wat mij onzeker maakt is ook de angst die bij het ouderschap komt kijken, de zorgen of het goed gaat en of hem/haar niets overkomt. Zoals ik het nu zie zou ik graag over 2 of 3 jaren aan kinderen willen beginnen. Daarvoor zou ik nog een poosje genoeg tijd samen met mijn partner willen doorbrengen, met z'n tweeÃ«n op vakantie gaan en samen genieten van het dagelijkse leven. ",1500.0,Nee,wo,False,Zeker wel,True,True
295,38,2 is precies goed ,975.0,Ja,mbo,True,Zeker niet,False,True
296,26,"Ik wil zelf erg graag kinderen omdat het mij mooi lijkt om kleine mensen op te zien groeien en tot mooie volwassen op te bloeien. Ook vanuit een bijbels perspectief vind ik het belangrijk dat ik kinderen krijg en ze hopelijk mag deel laten nemen in het geloof. Er zijn natuurlijk ook nadelen, gezien de huidige staat waarin de wereld verkeerd. Maar ik geloof dat dat niet opweegt tegen de positieve kanten van het hebben van kinderen. ",2300.0,Ja,wo,False,Waarschijnlijk wel,True,False
297,43,"Ben blij met mijn 2 kinderen, mijn man en ik willen allebei niet meer kinderen. ",,Ja,hbo,True,Zeker niet,False,True
298,38,Ik had lang nog een kinderwens echter doordat ik een chronische ziekte heb zou dat onverstandig zijn. Daarom waarschijnlijk geen kinderen meer tenzij het lot anders beslist! ,,Ja,hbo,True,Waarschijnlijk niet,False,False
299,38,Ik heb geen partner en ben 38 jaar. Ik heb niet de behoefte alleen een kind op te voeden. ,3230.0,Nee,havo/vwo,False,Waarschijnlijk niet,False,False
300,43,"3 kinderen gekregen, is toch een zegen! ",,Ja,vmbo,True,Waarschijnlijk niet,False,False
301,43,Leeftijd (ik word 44) en het is fysiek na laatste zwangerschap afgeraden. Beide zwangerschappen hadden grote fysieke gevolgen na de bevalling (fluxus). ,0.0,Ja,wo,True,Zeker niet,False,True
302,34,"Ik wilde vanaf jongs af aan al graag kinderen, uiteindelijk heb ik 2 dochters. Alles is voorspoedig gegaan. Eigenlijk ben ik nooit onzeker geweest over het wel of niet krijgen van kinderen. Als het gegeven is dan is het zo. Ik ben meer onzeker over opvoeding etc ",0.0,Ja,hbo,True,Zeker niet,False,True
303,42,"We hebben samen 3 kinderen, dat vinden we genoeg. Ons gezin is compleet. ",1600.0,Ja,mbo,True,Zeker niet,False,True
304,25,"Ik zie een kind niet als een aanvulling op mijn leven. Ik zit simpelweg niet te wachten op een kind. Een kind heb je 24/7, daar kan je niet even van weglopen. Je wordt heel erg beperkt in je vrijheid en mogelijkheden. Daarnaast wil ik graag verre reizen maken, een huis (ver)bouwen met mijn vriend en carriÃ¨re maken. In dat plaatje zie ik geen kind. ",3003.0,Ja,hbo,False,Zeker niet,False,True
305,33,Ik wil geen kinderen ,,Ja,mbo,False,Zeker niet,False,True
306,32,Ik ben heel blij met mijn gezonde dochter. Ik ben een alleenstaande moeder en ik vind het heerlijk zo met zijn tweetjes. Zelfs al zou ik weer een relatie krijgen dan zou ik niet samen meer een kind willen. Om meerdere redenen. Mijn dochter is inmiddels bijna zes dus dat zou betekenen dat ik weer helemaal opnieuw begin en daarnaast vind ik het een te grote invloed op een relatie. ,1980.0,Nee,mbo,True,Zeker niet,False,True
307,25,"Ik wil sowieso kinderen, maar nu nog niet ",2825.0,Ja,hbo,False,Weet het niet,False,False
308,38,Wij zijn blij met twee gezonde kinderen. Praktisch en financieel gezien is dit prima zo. ,,Ja,mbo,True,Zeker niet,False,True
309,35,Ik heb helemaal geen kinderwens en ook nooit gehad. Ik heb in de jaren ook een mening op gebouwd over kinderen nemen.Ik zelf wil ze niet omdat ik vind dat de wereld veranderd in negatieve zweer. ,,Nee,vmbo,False,Zeker niet,False,True
310,21,"zit nog in de studie, ben nog te j",150.0,Ja,vmbo,False,Waarschijnlijk niet,False,False
311,29,"Ik ben twee maanden geleden gescheiden en heb een dochter van 2,5 jaar. Ik ben bijna 30 jaar en weet niet of ik nog iemand ontmoet die nog kinderen wil of misschien, net als ik, al een kind of kinderen heeft ",1950.0,Nee,mbo,True,Waarschijnlijk niet,False,False
312,21,"Ik wil nog wel kinderen krijgen, maar ik ga ervan uit dat dat niet binnen 3 jaar gaat gebeuren, maar daarna wel. ",0.0,Ja,havo/vwo,False,Waarschijnlijk niet,False,False
313,24,"Ik ben zelf biseksueel en in een relatie met een vrouw. Voor ons is het dus van belang hoe we de kinderen zullen gaan krijgen, via adoptie of donatie of ander vorm van fertilisatie. Ik denk dat wel honderd procent zeker is dat ik kinderen wil. Echter weet ik ook nog niet of ik biologische kinderen wil krijgen vanwege een psychiatrische aandoening van mijn vad",,Nee,wo,False,Zeker wel,True,True
314,22,Ik ben benieuwd of ik mij over circa 5 jaar volwassen genoeg voel om mijn levenlang het beste voorbeeld en de meest mogelijke liefde te geven aan een kind en of mijn partner en ik in staat zijn om ons eigen leven op de tweede plek te plaatsen. ,1900.0,Ja,hbo,False,Waarschijnlijk niet,False,False
315,29,"Het hebben van een stabiele relatie  Voldoende financiÃ«le middelen hebben , nu eerst studieschuld afbetaling  Onzeker over vruchtbaarheid en proces gezien ik een vrouw heb en zelf vrouw ben  Mijn wisselende diensten als verpleegkundige en hoe dit in te delen ",,Ja,hbo,False,Waarschijnlijk wel,True,False
316,34,Ik ben alleenstaande moeder en vind het goed zo. Ik kan mij enigste kind alles geven wat ik haar wil geven. Als er een 2dw bij zou komen word dat toch anders. En ik vind de vrijheid die je al meer krijgt als ze ouder worden heerlijk ,3100.0,Nee,basisonderwijs,True,Zeker niet,False,True
317,28,Grote kinderwens vanaf kleins af aan.  Onzeker: niet het weten of je kinderen kan krijgen. Blijft toch onzeker ,,Ja,hbo,False,Waarschijnlijk wel,True,False
318,42,"Ik denk dat het willen krijgen van kinderen hetzelfde gevoel geeft als het niet willen krijgen van kinderen. Ik wil de verantwoordelijkheid voor een ander leven niet dragen en nemen. Daarnaast vind ik het best heftig dat mijn vader en moeder bepaald hebben dat ik op deze aarde leef. En de wereld is al veel te vol, de toekomst ziet er niet echt helemaal prettig uit. Dus, die verantwoordelijkheden wil ik niet. En het lijkt me ook niet leuk trouwens: slechte nachten, het kost veel goed, ruzies..... ",1000.0,Ja,hbo,False,Zeker niet,False,True
319,27,"Of ik Ã¼berhaupt kinderen kan krijgen, of de wereld over een paar jaar niet te vo is, kans op natuurrampen, terrorisme etc. ",2950.0,Ja,wo,False,Waarschijnlijk wel,True,False
320,25,We hebben te horen gekregen dat we niet op de natuurlijke wijze zwanger kunnen worden. Gaan binnen 3 maanden starten met een ISCI behandeling. Dat brengt wel onzekerheid met zich mee. We willen het heel erg graag. ,,Ja,wo,False,Zeker wel,True,True
321,41,ik ben al over de leeftijd van kinderen heen ,,Ja,mbo,True,Zeker niet,False,True
322,43,2 is genoeg ,2200.0,Ja,mbo,True,Zeker niet,False,True
323,21,Niet te veel en niet ,,Ja,hbo,False,Weet het niet,False,False
324,32,Ik ben afgelopen jaar bevallen van mijn eerste kindje (meisje). Graag zou ik nog een zoontje willen waarmee mijn dochter samen mee kan opgroeien. ,0.0,Ja,wo,True,Zeker wel,True,True
325,22,Op dit moment ben ik nog bezig met school en erna wil ik nog genieten. Dus vandaar dat ik zeg dat ik binnen nu en 3 jaar nog geen kinderen wil. Ik wil een vaste baan etc. hebben om mijn kinderen alles te geven. ,,Ja,mbo,False,Zeker wel,True,True
326,41,"Ik ben 41 jaar en vond zwangerschap en kraamtijd heel heftig, zo heftig dat ik het geen tweede keer meer wil. Onze dochter is het grootste cadeau en voelt voor mij als compleet. Mijn partner is 4 jaar jonger en heeft nog wel n wens voor n tweede.. ",2140.0,Ja,hbo,True,Waarschijnlijk niet,False,False
327,23,Ik weet niet of kinderen wel wil opvoeden in deze gebroken wereld. Wil ik ze dat aandoen? Daarnaast ben ik er voor mezelf nog niet uit of ik wel kinderen wil. Je hebt ze voor altijd (hopelijk) en ik weet niet of ik daar voor altijd aan vast wil zitten. ,170.0,Nee,wo,False,Zeker niet,False,True
328,34,"Je weet nooit of het mogelijk is om kinderen te krijgen (lichamelijk). Ook is het nog onzeker hoe de toekomst gaat, bij het niet of lastig kunnen krijgen van kinderen is het onzeker of dat voor een of meerdere keren mogelijk en/of wenselijk is. ",2700.0,Ja,havo/vwo,False,Waarschijnlijk wel,True,False
329,43,"Niks maakt mij onzeker. Ik wil en hoef ze niet. Niks aan, geen zin in. Heel duidelijk een bewust kinderloos leven. Nooit gehad ook. Daarbij komt dat je je kind niet wil achterlaten in deze verziekte wereld. ",,Nee,wo,False,Zeker niet,False,True
330,42,ik heb nooit een kinderwens gehad en ben ook inmiddels 42 jaar oud. ,5438.0,Ja,wo,False,Zeker niet,False,True
331,35,Ik heb een compleet gezien met 2 prachtige gezonde jongens die inmiddels een leeftijd krijgen waarbij we veel leuke activiteiten kunnen ondernemen. Daarom is het heel prettig om weer op pad te kunnen. Ons gezin is compleet dus geen wens meer voor meer kinderen ,3849.0,Ja,hbo,True,Zeker niet,False,True
332,36,"1 kind is voldoende, dit is een bewuste keus. We zijn erg gesteld op onze vrijheden, dus voor 1 kind vind je makkelijker oppas. ",,Ja,mbo,True,Zeker niet,False,True
333,35,"Ik heb 2 kinderen, precies genoeg ",0.0,Ja,mbo,True,Zeker niet,False,True
334,36,"Voltooid gezin. Voelt nu compleet, terwijl ik dat gevoel niet had toen we 2 kinderen hadden. Dus het klopt zo.  Bovendien krijgen we nu langzaam een beetje meer tijd voor onszelf, en ik merk dat ik daar behoefte aan heb ",6000.0,Ja,wo,True,Zeker niet,False,True
335,41,"Ik ben nu 41, heb mijn leven op orde, ben vrij om te doen en laten wat ik wil, binnen de grenzen van het leven met een 4-jarige, zonder al teveel rompslomp. Reizen is goed betaalbaar en organiseerbaar. Net een nieuwe baan op een nieuwe locatie. Ik vind het goed zo. We zijn compleet met 1 kind, 2 honden en 1 kat. ",4200.0,Ja,wo,True,Zeker niet,False,True
336,35,ik heb geen partner en wil geen bom moeder worden ,,Nee,mbo,False,Waarschijnlijk wel,True,False
337,43,Ik en mijn man hebben 2 kinderen in de leeftijd van 7 en 10 jaar. Mijn man en ik hebben een aantal jaren geleden besloten dat ons gezin compleet is zo ook om ze beiden een goede toekomst te kunnen geven. Om die reden heeft mijn man zich dan ook laten steriliseren. ,,Ja,mbo,True,Zeker niet,False,True
338,41,Mijn leeftijd. Ik vind dat ik voldoende kinderen heb. ,3300.0,Ja,hbo,True,Zeker niet,False,True
339,35,2 kinderen is genoeg ,,Ja,wo,True,Zeker niet,False,True
340,31,Ik heb geen vaste relatie op het moment ,,Nee,hbo,False,Waarschijnlijk wel,True,False
341,38,We vinden ons gezin prima zo.  Maar mocht er wel een derde komen dan is dat prima ,,Ja,hbo,True,Waarschijnlijk niet,False,False
342,30,"Ik wil wel kinderen en mijn vriend ook, maar we zijn nog niet zo lang samen en willen eerst nog van het leven genieten, zoals op vakantie gaan.  Een stabiele relatie is belangrijk. ",3225.0,Nee,hbo,False,Waarschijnlijk wel,True,False
343,42,chronische aandoening ,4250.0,Nee,hbo,False,Zeker niet,False,True
344,22,"Ik wil zeker kinderen. Echter wil ik eerst wat ouder zijn en een vaste baan hebben. Daarnaast zal ik niet op een biologische manier kinderen kunnen krijgen met mijn vrouwelijke partner. Daardoor kan ik alleen maar zeker zijn van kinderen willen, als mijn partner dat ook is ",0.0,Ja,havo/vwo,False,Zeker niet,False,True
345,38,Deze zijn,0.0,Nee,havo/vwo,True,Zeker niet,False,True
346,38,"Ik heb nooit kinderen gewild en dat gaat ook zeker niet veranderd. Het zit niet in mijn DNA. Als mensen zeggen joh dat komt nog wel, antwoord ik altijd: dat is niet waar. Ik van op mannen en niet op vrouwen en ik wil geen kinderen. Geen van die dingen zal ooit nog veranderen. ",3700.0,Nee,wo,False,Zeker niet,False,True
347,26,Onzeker of deze relatie stand houd om binnen genoemde termijn kinderen te krijgen ,,Nee,wo,False,Waarschijnlijk niet,False,False
348,40,,,Ja,mbo,True,Zeker niet,False,True
349,30,Ik heb nooit een kinderwens gehad. Ik heb op dit moment geen partner. ,,Ja,hbo,False,Waarschijnlijk niet,False,False
350,30,"Een gezin in de toekomst lijkt me fijn. Maar ik ben onzeker over de toekomst voor mijn kinderen (wanneer ik deze krijg), want het klimaat staat er niet goed voor. Er moet wat gebeuren waardoor ik zeker weet dat ik een goede toekomst kan bieden aan mijn kinderen. ",,Ja,hbo,False,Waarschijnlijk wel,True,False
351,21,Het is voor mij van kleins af aan al een droom om moeder te worden. Het lijkt me gewoon heel bijzonder om mee te mogen maken. Ik zie mijn toekomst eerlijk gezegd ook niet anders voor me. ,590.0,Nee,havo/vwo,False,Waarschijnlijk niet,False,False
352,34,We hebben 2 gezonde kinderen van 6 en 4 jr. Als we nog een kindje zouden krijgen beginnen we weer van voor af aan Inc gebroken nachten etc. Angst dat derde kind niet gezond zou zijn en ons leven enorm veranderd ,2000.0,Ja,hbo,True,Waarschijnlijk niet,False,False
353,31,"de wens is er zeker, maar je weet natuurlijk nooit hoe snel het lukt en of het uberhaupt lukt ",3700.0,Ja,wo,False,Waarschijnlijk wel,True,False
354,42,Ik ben op een leeftijd waarbij het niet meer heel waarschijnlijk is dat het lukt om kinderen te krijgen. Ik heb geen partner. Bewust alleenstaand moederschap zie ik niet zitten. ,,Nee,hbo,False,Waarschijnlijk niet,False,False
355,32,Medische diagnose die bij mij is vastgesteld waardoor ik minder vruchtbaar ben ,3300.0,Ja,hbo,False,Zeker wel,True,True
356,23,Het krijgen van kinderen maakt me onzeker omdat ik bang ben dat ik het niet goed zou doen of dat mijn kinderen niet gelukkig worden. Het niet krijgen van kinderen maakt me onzeker omdat ik bang zou zijn dat mijn partner daar niet mee kan leven. ,,Ja,havo/vwo,False,Waarschijnlijk niet,False,False
357,37,Ik heb inmiddels 2 kinderen (geboren in 2018 en 2020) en zoals ik er nu in sta verwacht ik niet dat er nog een derde zal komen. ,0.0,Ja,wo,True,Waarschijnlijk niet,False,False
358,33,Moeizame bevalling en herstel gehad. Daarnaast financiele situatie afwachten hoe komende jaren zijn. ,3131.0,Ja,hbo,True,Weet het niet,False,False
359,40,Je kan niet kiezen wat voor kind je krijgt. Wordt het een makkelijk kind of een met gebruiksaanwijzing. Dat heeft vaak niks met opvoeding te maken. Een kind kost bakken met geld en dat heb ik niet. En ook de ruimte heb ik niet. ,0.0,Nee,vmbo,False,Zeker niet,False,True
360,37,Wil graag kind maar geen partner ,4000.0,Nee,hbo,False,Zeker wel,True,True
361,35,Ik ben gelukkig met mijn 3 kinderen en heb geen wens meer om meer kinderen te krijgen. ,0.0,Ja,havo/vwo,True,Zeker niet,False,True
362,28,Ik ben nu single en in deze tijd is het erg lastig om in een relatie te komen. Dit maakt mij zeer onzeker of ik ooit weer in een relatie kom en of ik ooit kinderen ga krijgen. ,,Ja,hbo,False,Waarschijnlijk niet,False,False
363,27,Ik hou van kinderen en mijn partner o,0.0,Ja,hbo,False,Zeker wel,True,True
364,42,"Ik ben inmiddels 42 en heb geen partner. Het is voor de vrouwen in mijn familie sowieso moeilijk om zwanger te worden (al op jongere leeftijd), dus ik denk dat het Ã¼berhaupt geen optie meer is. Verder heb ik geen tikkende biologische klok en geen kinderwens. ",4550.0,Nee,wo,False,Zeker niet,False,True
365,26,"Ik vind mezelf nog te jong om kinderen te krijgen. Ik geniet nu nog teveel van mijn vrijheid om te studeren, te werken en te reizen maar ook om spontaan even de deur uit te gaan. Daarbij is er op dit moment niemand in mijn leven met wie ik een kind zou willen. Maar mocht deze persoon er binnen de komende 3 jaar komen, dan denk ik dat ik alsnog geen kind zou willen omdat bovenstaande op dit moment nog te zwaar weegt. ",,Nee,hbo,False,Waarschijnlijk niet,False,False
366,40,"Wij zien het krijgen van kinderen als een gave van God, wij nemen geen kinderen zoals het in de volksmond word gezegd ",1300.0,Ja,mbo,True,Weet het niet,False,False
367,26,Het is maar de vraag of je uberhaupt kinderen kn krijgen ,150.0,Ja,havo/vwo,False,Zeker wel,True,True
368,42,We zijn tevreden en leeftijd speelt een rol ,2100.0,Ja,havo/vwo,True,Zeker niet,False,True
369,24,"Dit jaar rond ik mijn studie af, daarna wil ik eerst een aantal jaar fulltime kunnen werken om eventueel ook een huis te kopen ",0.0,Ja,basisonderwijs,False,Zeker niet,False,True
370,22,"In de komende drie jaar zijn mijn verloofde en ik vooral bezig met andere dingen zoals de bruiloft, een huis zoeken, financieel onafhankelijk worden. Ik denk dat we hier nog zeker 3 jaar de tijd voor hebben want zodra we dit voor elkaar hebben willen we ook nog even tijd samen om vervolgens hopelijk kinderen te mogen krijgen. ",550.0,Ja,havo/vwo,False,Waarschijnlijk niet,False,False
371,26,Op dit moment ben ik nog vrijgezel en ik zou graag eerst een stabiele relatie willen voordat ik kinderen zou willen proberen te krijgen. Ook is mijn woonsituatie nu niet de goede situatie om een kind op te voeden dus daarvoor zou ik eerst willen/moeten verhuizen. ,,Nee,hbo,False,Waarschijnlijk niet,False,False
372,28,Wij willen zeker kinderen maar het moet allemaal wel lukken ,,Ja,wo,False,Waarschijnlijk wel,True,False
373,26,De kinderwens van mij en mijn vriend is groot. Wij zijn er momenteel nog niet mee bezig en weten daardoor niet of wij Ã¼berhaupt kinderen kunnen krijgen. Daarbij geeft Corona voor nu ook wat onzekerheden gezien. ,3030.0,Nee,hbo,False,Waarschijnlijk wel,True,False
374,37,"Mijn psychiatrische stoornis maakt mij te instabiel om voor een kindje te kunnen zorgen. Ik heb ook geen steun netwerk dat mij hierbij zou kunnen helpen. Ik wilde graag kinderen, maar door mijn ziekte, beperkte netwerk en leeftijd lijkt het me niet in het belang van",,Nee,mbo,False,Zeker niet,False,True
375,41,Mijn partner heeft al twee biologische kinderen en ikzelf heb geen kinderwens ,2385.0,Nee,mbo,True,Zeker niet,False,True
376,23,Ik zou als het mogelijk is graag 3 kinderen willen. Ik wil dit pas na mijn 28e levensjaar want eerst genieten nog van alles wat er nu is. ,2500.0,Ja,hbo,False,Waarschijnlijk niet,False,False
377,33,"We hebben 2 gezonde kereltjes. De 2e hebben we via een medisch traject mogen krijgen. Dit traject was voor mijn lichaam heel zwaar ivm meerdere miskramen, operaties en hormonen spuiten, meer dan wekelijks echo's maken. Ook emotioneel is het een zwaar traject en de relatie met de papa wordt er niet beter op. De wens coor een 2e was zeer groot maar nu is ons gezin compleet. Geen twijfel over een 3e. ",0.0,Ja,mbo,True,Zeker niet,False,True
378,23,Ik ben net 23 en hoef daarom voorlopig nog geen kinderen. ,,Nee,havo/vwo,False,Waarschijnlijk niet,False,False
379,42,Mijn leeftijd. Ik ben al boven de 40. ,,Ja,hbo,True,Zeker niet,False,True
380,32,Mijn partner is recent overleden ,4260.0,Ja,hbo,True,Waarschijnlijk niet,False,False
381,35,Ik weet nog niet 100% of ik het wil. Maar ik ben hier nu goed over aan het nadenken ,3350.0,Nee,hbo,False,Waarschijnlijk wel,True,False
382,30,Ik wil graag iets doorgeven aan een volgende generatie. ,2000.0,Ja,havo/vwo,False,Zeker wel,True,True
383,26,"Of het lukt ja of nee. Ik zou het graag willen proberen, maar het is natuurlijk niet zomaar vanzelfsprekend. En daarbij zou ik eerst graag een eigen huis willen, een eigen plek. Dat is op dit moment ook heel erg lastig en de huizenmarkt stijgt de pan uit. Wij zijn al meer dan een jaar bezig en bieden op elk mogelijk huis raak, maar nog steeds geen huis. Om hierin verder te kunnen in de toekomst, moet toch echt eerst een huis beschikbaar komen voor ons..... ",2100.0,Nee,mbo,False,Waarschijnlijk wel,True,False
384,43,Ik ben 43 jaar dar is de reden ,,Ja,mbo,True,Zeker niet,False,True
385,23,"In mijn relatie zou ik degene moeten zijn die zwanger zou worden. Zwanger zijn vind ik een heel naar idee en ik ben ook enorm bang voor wat het met mijn mentale gesteldheid zou doen. Vooral ook de postnatale depressie (waarvan ik verwacht dat ik daar heel gevoelig voor kan zijn) vind ik eng. Daarnaast ben ik totaal niet klaar voor de verantwoordelijkheid, maar dat zou nog kunnen veranderen. Ook wil ik mijn eigen genen niet doorgeven. Ik heb enorm veel ziekte in de familie, zowel fysiek als mentale ziekten. Ik ben bang om dit door te geven. Dus op dit moment weet ik zeker dat ik geen kinderen wil. ",0.0,Ja,havo/vwo,False,Zeker niet,False,True
386,40,"Al 3, vol huis, genoeg ",5200.0,Ja,wo,True,Waarschijnlijk niet,False,False
387,24,Nog iets te vroeg. Vriend is dan net pas klaar met studie ,,Ja,hbo,False,Waarschijnlijk niet,False,False
388,33,Weet niet of mijn lichaam nog een zwangerschap aan kan. En de wereld moet eerst maar weer eens wat vrijer en leuker zijn voordat ik evt nog een keer zwanger wil zijn ,,Nee,mbo,True,Weet het niet,False,False
389,41,Geen partner en geen kinderwens meer ,3600.0,Nee,hbo,True,Zeker niet,False,True
390,40,nog geen goede partner gevonden ,,Nee,mbo,False,Weet het niet,False,False
391,43,Ik wordt morgen 43 en vind dat ik te oud word voor kinderen. ,500.0,Ja,wo,True,Zeker niet,False,True
392,41,ik ben heel blij met 2 gezonde kinderen e dat vind ik genoeg ,5850.0,Nee,wo,True,Zeker niet,False,True
393,30,Kunnen we het kind alles geven voor een goed leven met een opleiding. Zijn er genoeg financiÃ«n voor het onderhouden van een gezin en kan er ook wat extraâ€™s ,2615.0,Ja,mbo,True,Waarschijnlijk wel,True,False
394,29,Ik zou het wel graag willen maar andere dingen gaan nu voor...en wel een miskraam gehad dus dat was ook niet zo leuk om mee te maken ,,Nee,mbo,True,Waarschijnlijk niet,False,False
395,31,Nog een jaar geen slaap ,,Ja,wo,True,Weet het niet,False,False
396,42,we hebben 5 kinderen en ik ben nu al aardig op leeftijd voor nog meer kind,350.0,Ja,mbo,True,Zeker niet,False,True
397,36,De zwangerschap en bevalling zijn pittig naast het verzorgen van twee andere kinderen en de andere verplichtingen. De bevalling ervaar ik als een zwaar iets. Ook de opvoeding en energie om nog voor een baby te zorgen laten me twijfelen. ,1096.0,Ja,hbo,True,Waarschijnlijk wel,True,False
398,33,"De onzekerheid om kinderen te krijgen hangt af van mijn baanzekerheid. Zonder vast contract zou ik er niet aan willen beginnen en momenteel ben ik op een tijdelijk contract.  De financiele zekerheid van mij en mijn partner is ook belangrijk aangezien met betrekking tot wel of niet in het buitenland wonen en wel of niet een huis kopen. Als blijkt dat met deze keuzes onze financiele situatie niet stabiel genoeg is, dan zou de optie om kinderen te nemen mogelijk uitgesteld worden. ",2500.0,Nee,wo,False,Waarschijnlijk wel,True,False
399,25,"Het is niet per se het wel of niet krijgen van kinderen zelf waar ik onzeker over ben. Ik zou wel graag ooit kinderen willen krijgen. Ik heb alleen op dit moment geen relatie, dus heb ook nog niet echt uitzicht op dat ik dat dan met iemand zou kunnen doen. ",2400.0,Nee,wo,False,Waarschijnlijk niet,False,False
400,29,"Ik heb nooit van jongs af aan echt een ""moederinstinct"" gehad zoals vriendinnen van mij dat wel hebben. Ik heb nooit jong kinderen gewild, maar wel altijd gedacht dat ik ze wanneer ik er klaar voor ben met de juiste persoon zou krijgen. Ik vind het best spannend om pasgeboren baby's / kleinere kinderen vast te houden. Ik ben nu 8,5 jaar samen met mijn vriend, we wonen al een tijd samen. Verder hebben we net samen ons eerste koophuis gekocht. De volgende stap wordt voor ons trouwen, en de stap daarna zal zeker kinderen worden. ",2875.0,Ja,hbo,False,Waarschijnlijk wel,True,False
401,38,"Ik heb 3 kinderen en de relatie met hun vader is voorbij. Ik voel mij ""compleet"" met mijn kinderen en vind daarbij dat ik inmiddels te oud ben om nog een keer aan kinderen te beginnen (Ã¡ls ik al een partner zou tegenkomen waarmee ik dat zou overwegen). ",4700.0,Nee,wo,True,Zeker niet,False,True
402,24,Of ik een geschikte partner vind die ook kinderen wil. En of ik gezond ben om kinderen te krijgen ,,Ja,havo/vwo,False,Waarschijnlijk niet,False,False
403,34,"Ik ken mijn vriend een jaar, als dat goed blijft gaan dan zou ik dit wel aandurven. maar ik wil eerst een stabiele relatie en samenwonen eer ik aan kinderen begin. ",,Nee,hbo,False,Waarschijnlijk wel,True,False
404,37,Wordt te oud ,,Nee,vmbo,True,Zeker niet,False,True
405,23,"Heb nog geen relatie, en wil ook geen kind nog in de komende jaren dankzij studeren en net start van werken ",0.0,Ja,wo,False,Waarschijnlijk niet,False,False
406,41,"ik heb al drie kinderen, kan geen kinderen meer krijgen omdat ik mijn baarmoeder heb laten verwijderen ",2400.0,Ja,mbo,True,Zeker niet,False,True
407,39,Te druk met carriÃ¨re en geen behoefte ,,Ja,havo/vwo,False,Weet het niet,False,False
408,40,"Ik heb nu drie kinderen, dat wilde ik altijd al graag. Ik vind drie kinderen genoeg. Bovendien ben ik 40 jaar en te oud om nog kinderen te krijgen. Ik heb daarom niet de wens om nog zwanger te worden. ",0.0,Ja,hbo,True,Zeker niet,False,True
409,39,"Ik twijfel of ik een vierde kind wil krijgen omdat ik niet zeker weet of ik genoeg aandacht kan geven. Daarnaast vind ik het lastig om er een tijdje uit te zijn bij mijn werk. En ik wil mijn kinderen kunnen geven, wat ik heb gekregen van mijn ouders: een zorgeloze jeugd en studietijd. Met vier kinderen wordt dat lastiger. Maar om definitief te zeggen: we houden het bij drie kinderen vind ik ook heftig. Daarmee sluit ik een fase af Ã©n daarnaast heb ik altijd gezegd dat ik vier kinderen wilde en zal ik me er dus bij neer moeten leggen dat dit wellicht niet gebeurd. ",5300.0,Ja,wo,True,Weet het niet,False,False
410,26,Ik verwacht over 3-7 jaar kinderen te krijgen. Afhankelijk van hoe het leven loopt zal dit dus wel of niet in 3 jaar zijn. ,4100.0,Nee,wo,False,Weet het niet,False,False
411,33,"Ik heb geen kinderwens. Misschien gaan mijn eierstokken nog rammelen, maar gelet op mijn leeftijd en dat mensen in mijn omgeving al kinderen hebben verwacht ik van niet. ",,Nee,wo,False,Zeker niet,False,True
412,23,'- het hebben van een bipolaire stoornis en het niet door willen geven aangezien het erfelijk is  - het niet hebben van een parter en dit niet snel zie veranderen ,,Nee,havo/vwo,False,Zeker niet,False,True
413,23,"Ik wil niet perse jong moeder worden, omdat ik eerst nog wil reizen en andere dingen wil doen. ",0.0,Ja,havo/vwo,False,Waarschijnlijk niet,False,False
414,34,4 is voor ons genoeg ,,Ja,mbo,True,Waarschijnlijk niet,False,False
415,23,"Ik dacht altijd dat ik het niet wilde omdat ik er geen zin in had, maar nu ik wat ouder ben, begin ik te twijfelen. Daarnaast heb ik bijna mijn master afgerond en wil ik hierna carriÃ¨re gaan maken wat lastiger is met kinderen. Als laatste heb ik geen relatie en weet ik ook niet of dat ooit gaat komen, en dat speelt ook mee bij de keuze maken om kinderen op te voeden. ",,Nee,wo,False,Weet het niet,False,False
416,22,"Ik wil graag kinderen, echter is het onzeker of dit lukt aangezien ik het nooit heb geprobeerd ",,Ja,mbo,False,Zeker wel,True,True
417,30,geld en tijd ,,Nee,havo/vwo,False,Zeker niet,False,True
418,28,"Ik ben er nu niet aan toe, en weet niet zeker of en zo ja wanneer dat gaat komen. ",2750.0,Ja,wo,False,Weet het niet,False,False
419,28,eerst een partner vinden ,,Nee,havo/vwo,False,Waarschijnlijk wel,True,False
420,41,"Ik heb verder geen kinderwens meer, en mijn man ook niet. ",1350.0,Ja,mbo,True,Zeker niet,False,True
421,27,,2300.0,Ja,mbo,False,Weet het niet,False,False
422,28,Gezien de COVID situatie en de situatie die zich afspeelde omtrent de gezondheid eerste kind twijfelen we over 2e kind ,2600.0,Ja,mbo,True,Waarschijnlijk niet,False,False
